{
  "resourceType": "DocumentReference",
  "id": "docref-pathology",
  "status": "current",
  "type": {
    "coding": [
      {
        "system": "http://loinc.org",
        "code": "11526-1",
        "display": "Pathology study"
      }
    ]
  },
  "subject": {
    "reference": "Patient/example"
  },
  "date": "2025-09-14T10:00:00+05:30",
  "content": [
    {
      "attachment": {
        "contentType": "application/pdf",
        "url": "http://couchbase.org/fhir/DocumentReference/docref-pathology-content",
        "title": "Pathology Report Narrative for Example Patient"
      }
    }
  ]
}