{
  "resourceType": "DocumentReference",
  "id": "docref-progress",
  "status": "current",
  "type": {
    "coding": [
      {
        "system": "http://loinc.org",
        "code": "11506-3",
        "display": "Progress Note"
      }
    ]
  },
  "subject": {
    "reference": "Patient/example"
  },
  "date": "2025-09-14T10:00:00+05:30",
  "content": [
    {
      "attachment": {
        "contentType": "application/pdf",
        "url": "http://couchbase.org/fhir/DocumentReference/docref-progress-content",
        "title": "Progress Note for Example Patient"
      }
    }
  ]
}