{
  "resourceType": "DocumentReference",
  "id": "docref-history-physical",
  "status": "current",
  "type": {
    "coding": [
      {
        "system": "http://loinc.org",
        "code": "34117-2",
        "display": "History and physical note"
      }
    ]
  },
  "subject": {
    "reference": "Patient/example"
  },
  "date": "2025-09-14T10:00:00+05:30",
  "content": [
    {
      "attachment": {
        "contentType": "application/pdf",
        "url": "http://xyz.com/pdfdownloads/cardiopanel-report-123.pdf",
        "title": "History & Physical Note for Example Patient"
      }
    }
  ]
}