{
  "resourceType": "Observation",
  "id": "phq9-total-score",
  "meta": {
    "profile": ["http://hl7.org/fhir/us/core/StructureDefinition/us-core-observation-screening-assessment"]
  },
  "status": "final",
  "category": [
    {
      "coding": [
        {
          "system": "http://terminology.hl7.org/CodeSystem/observation-category",
          "code": "survey",
          "display": "Survey"
        }
      ]
    },
    {
      "coding": [
        {
          "system": "http://hl7.org/fhir/us/core/CodeSystem/us-core-category",
          "code": "sdoh",
          "display": "SDOH"
        }
      ]
    }
  ],
  "code": {
    "coding": [
      {
        "system": "http://loinc.org",
        "code": "44249-1",
        "display": "PHQ-9 quick depression assessment panel [Reported.PHQ]"
      }
    ],
    "text": "PHQ-9 Total Score"
  },
  "subject": {
    "reference": "Patient/example"
  },
  "performer": [
    {
      "reference": "Practitioner/practitioner-1"
    }
  ],
  "effectiveDateTime": "2022-11-29T20:50:32Z",
  "valueQuantity": {
    "value": 43,
    "unit": "%",
    "system": "http://unitsofmeasure.org"
  },
  "derivedFrom": [
    {
      "reference": "Observation/weight"
    }
  ],
  "hasMember": [
    {
      "reference": "Observation/weight"
    }
  ]
}
