{
  "resourceType" : "Observation",
  "id" : "urobilinogen",
  "meta" : {
    "versionId" : "206612",
    "lastUpdated" : "2016-04-18T04:20:46.618+00:00",
    "profile" : ["http://hl7.org/fhir/us/core/StructureDefinition/us-core-observation-lab"]
  },
  "text" : {
    "status" : "generated",
    "div" : "<div xmlns=\"http://www.w3.org/1999/xhtml\"><p><b>Generated Narrative: Observation</b><a name=\"urobilinogen\"> </a></p><div style=\"display: inline-block; background-color: #d9e0e7; padding: 6px; margin: 4px; border: 1px solid #8da1b4; border-radius: 5px; line-height: 60%\"><p style=\"margin-bottom: 0px\">Resource Observation &quot;urobilinogen&quot; Version &quot;206612&quot; Updated &quot;2016-04-18 04:20:46+0000&quot; </p><p style=\"margin-bottom: 0px\">Profile: <a href=\"StructureDefinition-us-core-observation-lab.html\">US Core Laboratory Result Observation Profile</a></p></div><p><b>status</b>: final</p><p><b>category</b>: Laboratory <span style=\"background: LightGoldenRodYellow; margin: 4px; border: 1px solid khaki\"> (<a href=\"http://terminology.hl7.org/5.0.0/CodeSystem-observation-category.html\">Observation Category Codes</a>#laboratory)</span></p><p><b>code</b>: UROBILINOGEN <span style=\"background: LightGoldenRodYellow; margin: 4px; border: 1px solid khaki\"> (<a href=\"https://loinc.org/\">LOINC</a>#20405-7 &quot;Urobilinogen [Mass/volume] in Urine by Test strip&quot;)</span></p><p><b>subject</b>: <a href=\"Patient-example.html\">Patient/example: Amy Shaw</a> &quot; SHAW&quot;</p><p><b>effective</b>: 2005-07-05</p><p><b>value</b>: 0.3 mg/dL<span style=\"background: LightGoldenRodYellow\"> (Details: UCUM code mg/dL = 'mg/dL')</span></p><h3>ReferenceRanges</h3><table class=\"grid\"><tr><td>-</td><td><b>Low</b></td><td><b>High</b></td></tr><tr><td>*</td><td>0.1 mg/dL<span style=\"background: LightGoldenRodYellow\"> (Details: UCUM code mg/dL = 'mg/dL')</span></td><td>1 mg/dL<span style=\"background: LightGoldenRodYellow\"> (Details: UCUM code mg/dL = 'mg/dL')</span></td></tr></table></div>"
  },
  "status" : "final",
  "category" : [{
    "coding" : [{
      "system" : "http://terminology.hl7.org/CodeSystem/observation-category",
      "code" : "laboratory",
      "display" : "Laboratory"
    }],
    "text" : "Laboratory"
  }],
  "code" : {
    "coding" : [{
      "system" : "http://loinc.org",
      "code" : "20405-7",
      "display" : "Urobilinogen [Mass/volume] in Urine by Test strip"
    }],
    "text" : "UROBILINOGEN"
  },
  "subject" : {
    "reference" : "Patient/example",
    "display" : "Amy Shaw"
  },
  "effectiveDateTime" : "2005-07-05",
  "valueQuantity" : {
    "value" : 0.3,
    "unit" : "mg/dL",
    "system" : "http://unitsofmeasure.org",
    "code" : "mg/dL"
  },
  "referenceRange" : [{
    "low" : {
      "value" : 0.1,
      "unit" : "mg/dL",
      "system" : "http://unitsofmeasure.org",
      "code" : "mg/dL"
    },
    "high" : {
      "value" : 1,
      "unit" : "mg/dL",
      "system" : "http://unitsofmeasure.org",
      "code" : "mg/dL"
    }
  }]
}