{
  "resourceType": "DiagnosticReport",
  "id": "pathology-report-1",
  "meta": {
    "profile": [
      "http://hl7.org/fhir/us/core/StructureDefinition/us-core-diagnosticreport"
    ]
  },
  "status": "final",
  "category": [
    {
      "coding": [
        {
          "code": "LP7839-6",
          "display": "Pathology study",
          "isUserSelected": false,
          "system": "http://loinc.org"
        }
      ],
      "text": "string"
    }
  ],
  "code": {
    "coding": [
      {
        "system": "http://loinc.org",
        "code": "LP7839-6",
        "display": "Pathology study"
      }
    ],
    "text": "Pathology Report"
  },
  "subject": {
    "reference": "Patient/example",
    "display": "Amy Shaw"
  },
  "effectiveDateTime": "2025-12-10T12:00:00Z",
  "issued": "2025-12-10T12:05:00Z",
  "result": [
    {
      "reference": "Observation/obs-1"
    }
  ]
}