{
  "resourceType": "CarePlan",
  "id": "colonoscopy",
  "meta": {
    "profile": [
      "http://hl7.org/fhir/us/core/StructureDefinition/us-core-careplan"
    ]
  },
  "status": "active",
  "intent": "order",
  "period": {
    "start": "2015-11-01T17:00:14-05:00",
    "end": "2015-11-01T18:00:14-05:00"
  },
  "category": [
    {
      "coding": [
        {
          "system": "http://hl7.org/fhir/us/core/CodeSystem/careplan-category",
          "code": "assess-plan"
        }
      ]
    }
  ],
  "subject": {
    "reference": "Patient/example",
    "display": "Amy Shaw"
  }
}