{
  "resourceType": "Condition",
  "id": "condition-SDOH-example",
  "meta": {
    "profile": [
      "http://hl7.org/fhir/us/core/StructureDefinition/us-core-condition-problems-health-concerns"
    ]
  },
  "extension": [
    {
      "url": "http://hl7.org/fhir/StructureDefinition/condition-assertedDate",
      "valueDateTime": "2016-08-10"
    }
  ],
  "clinicalStatus": {
    "coding": [
      {
        "system": "http://terminology.hl7.org/CodeSystem/condition-clinical",
        "code": "active",
        "display": "Active"
      }
    ],
    "text": "Active"
  },
  "verificationStatus": {
    "coding": [
      {
        "system": "http://terminology.hl7.org/CodeSystem/condition-ver-status",
        "code": "confirmed",
        "display": "Confirmed"
      }
    ],
    "text": "Confirmed"
  },
  "category": [
    {
      "coding": [
        {
          "system": "http://terminology.hl7.org/CodeSystem/condition-category",
          "code": "problem-list-item",
          "display": "Problem List Item"
        }
      ],
      "text": "Problem List Item"
    },
    {
      "coding": [
        {
          "system": "http://hl7.org/fhir/us/core/CodeSystem/us-core-category",
          "code": "sdoh",
          "display": "SDOH"
        }
      ],
      "text": "Social Determinants Of Health"
    }
  ],
  "code": {
    "coding": [
      {
        "system": "http://snomed.info/sct",
        "version": "http://snomed.info/sct/731000124108",
        "code": "445281000124101",
        "display": "Nutrition impaired due to limited access to healthful foods (finding)"
      }
    ],
    "text": "Nutrition impaired due to limited access to healthful foods (finding)"
  },
  "subject": {
    "reference": "Patient/example",
    "display": "Amy V. Shaw"
  },
  "recordedDate": "2016-08-10T07:15:07-08:00"
}