{
  "resourceType": "Condition",
  "id": "health-concern-example",
  "meta": {
    "profile": [
      "http://hl7.org/fhir/us/core/StructureDefinition/us-core-condition-problems-health-concerns"
    ]
  },
  "extension": [
    {
      "url": "http://hl7.org/fhir/StructureDefinition/condition-assertedDate",
      "valueDateTime": "2007-12-14"
    }
  ],
  "clinicalStatus": {
    "coding": [
      {
        "system": "http://terminology.hl7.org/CodeSystem/condition-clinical",
        "code": "active",
        "display": "Active"
      }
    ],
    "text": "Active"
  },
  "verificationStatus": {
    "coding": [
      {
        "system": "http://terminology.hl7.org/CodeSystem/condition-ver-status",
        "code": "confirmed",
        "display": "Confirmed"
      }
    ],
    "text": "Confirmed"
  },
  "category": [
    {
      "coding": [
        {
          "system": "http://hl7.org/fhir/us/core/CodeSystem/condition-category",
          "code": "health-concern",
          "display": "Health Concern"
        }
      ],
      "text": "Health Concern"
    }
  ],
  "code": {
    "coding": [
      {
        "system": "http://snomed.info/sct",
        "version": "http://snomed.info/sct/731000124108",
        "code": "247824007",
        "display": "Fear of becoming fat"
      }
    ],
    "text": "Fear of becoming fat"
  },
  "subject": {
    "reference": "Patient/example",
    "display": "Amy Shaw"
  },
  "onsetDateTime": "2007-12-14",
  "recordedDate": "2007-12-14T07:15:07-08:00",
  "abatementDateTime": "2015-12-01"
}