{
  "resourceType": "Device",
  "id": "udi-2",
  "meta": {
    "profile": [
      "http://hl7.org/fhir/us/core/StructureDefinition/us-core-implantable-device"
    ]
  },
  "udiCarrier": [
    {
      "deviceIdentifier": "99863313444316",
      "carrierHRF": "(01)99863313444316(17)220101(10)M320(21)AC221",
      "entryType": "rfid"
    }
  ],
  "status": "active",
  "manufacturer": "ACME Biomedical",
  "expirationDate": "2022-01-01",
  "lotNumber": "M320",
  "serialNumber": "AC221",
  "deviceName": [
    {
      "name": "ACME Defibrillator Analyzer, with Transcutaneous Pacemaker Input",
      "type": "udi-label-name"
    }
  ],
  "modelNumber": "1.0",
  "type": {
    "coding": [
      {
        "system": "http://snomed.info/sct",
        "version": "http://snomed.info/sct/731000124108",
        "code": "19257004",
        "display": "Defibrillator, device"
      }
    ],
    "text": "Implant"
  },
  "patient": {
    "reference": "Patient/example",
    "display": "Amy Shaw"
  }
}