{
  "resourceType": "DiagnosticReport",
  "id": "metabolic-panel",
  "meta": {
    "profile": [
      "http://hl7.org/fhir/us/core/StructureDefinition/us-core-diagnosticreport-lab"
    ]
  },
  "status": "final",
  "category": [
    {
      "coding": [
        {
          "system": "http://terminology.hl7.org/CodeSystem/v2-0074",
          "code": "LAB",
          "display": "Laboratory"
        }
      ]
    }
  ],
  "code": {
    "coding": [
      {
        "system": "http://loinc.org",
        "code": "24323-8",
        "display": "Comprehensive metabolic 2000 panel - Serum or Plasma"
      }
    ]
  },
  "subject": {
    "reference": "Patient/example",
    "display": "Amy Shaw"
  },
  "effectiveDateTime": "2005-07-04",
  "issued": "2005-07-06T11:45:33+11:00",
  "performer": [
    {
      "reference": "Organization/acme-lab",
      "display": "Acme Laboratory, Inc"
    }
  ],
  "result": [
    {
      "reference": "Observation/serum-total-bilirubin",
      "display": "TOTAL BILIRUBIN"
    },
    {
      "reference": "Observation/serum-sodium",
      "display": "SODIUM"
    },
    {
      "reference": "Observation/serum-potassium",
      "display": "Potassium"
    },
    {
      "reference": "Observation/serum-creatinine",
      "display": "CREATININE"
    },
    {
      "reference": "Observation/serum-co2",
      "display": "TOTAL CO2"
    },
    {
      "reference": "Observation/serum-chloride",
      "display": "CHLORIDE"
    },
    {
      "reference": "Observation/serum-calcium",
      "display": "CALCIUM"
    },
    {
      "reference": "Observation/serum-bun",
      "display": "BUN"
    },
    {
      "reference": "Observation/serum-glucose",
      "display": "GLUCOSE"
    }
  ]
}