{
  "resourceType": "DiagnosticReport",
  "id": "cbc",
  "meta": {
    "profile": [
      "http://hl7.org/fhir/us/core/StructureDefinition/us-core-diagnosticreport-lab"
    ]
  },
  "status": "final",
  "category": [
    {
      "coding": [
        {
          "system": "http://terminology.hl7.org/CodeSystem/v2-0074",
          "code": "LAB",
          "display": "Laboratory"
        }
      ]
    }
  ],
  "code": {
    "coding": [
      {
        "system": "http://loinc.org",
        "code": "58410-2",
        "display": "CBC panel - Blood by Automated count"
      }
    ]
  },
  "subject": {
    "reference": "Patient/example",
    "display": "Amy Shaw"
  },
  "effectiveDateTime": "2005-07-05",
  "issued": "2005-07-06T11:45:33+11:00",
  "performer": [
    {
      "reference": "Organization/acme-lab",
      "display": "Acme Laboratory, Inc"
    }
  ],
  "result": [
    {
      "reference": "Observation/cbc-leukocytes",
      "display": "LEUKOCYTES"
    },
    {
      "reference": "Observation/cbc-erythrocytes",
      "display": "ERYTHROCYTES"
    },
    {
      "reference": "Observation/cbc-hemoglobin",
      "display": "HEMOGLOBIN"
    },
    {
      "reference": "Observation/cbc-hematocrit",
      "display": "HEMATOCRIT"
    },
    {
      "reference": "Observation/cbc-mcv",
      "display": "MCV"
    },
    {
      "reference": "Observation/cbc-mch",
      "display": "MCH"
    },
    {
      "reference": "Observation/cbc-mchc",
      "display": "MCHC"
    },
    {
      "reference": "Observation/cbc-platelets",
      "display": "PLATELETS"
    }
  ]
}