{
  "resourceType": "DocumentReference",
  "id": "docref-imaging",
  "status": "current",
  "type": {
    "coding": [
      {
        "system": "http://loinc.org",
        "code": "18748-4",
        "display": "Diagnostic imaging study"
      }
    ]
  },
  "subject": {
    "reference": "Patient/example"
  },
  "custodian": {
    "reference": "Organization/acme-lab",
    "display": "acme-lab Imaging Center"
  },
  "date": "2025-09-13T10:00:00+05:30",
  "content": [
    {
      "attachment": {
        "contentType": "application/pdf",
        "url": "http://couchbase.org/fhir/DocumentReference/docref-imaging-content",
        "title": "Imaging Narrative for Example Patient"
      }
    }
  ]
}