{
  "resourceType" : "Encounter",
  "id" : "1036",
  "meta" : {
    "profile" : ["http://hl7.org/fhir/us/core/StructureDefinition/us-core-encounter"]
  },
  "text" : {
    "status" : "generated",
    "div" : "<div xmlns=\"http://www.w3.org/1999/xhtml\"><p><b>Generated Narrative: Encounter</b><a name=\"1036\"> </a></p><div style=\"display: inline-block; background-color: #d9e0e7; padding: 6px; margin: 4px; border: 1px solid #8da1b4; border-radius: 5px; line-height: 60%\"><p style=\"margin-bottom: 0px\">Resource Encounter &quot;1036&quot; </p><p style=\"margin-bottom: 0px\">Profile: <a href=\"StructureDefinition-us-core-encounter.html\">US Core Encounter Profile</a></p></div><p><b>status</b>: in-progress</p><p><b>class</b>: inpatient encounter (Details: http://terminology.hl7.org/CodeSystem/v3-ActCode code IMP = 'inpatient encounter', stated as 'inpatient encounter')</p><p><b>type</b>: Unknown (qualifier value) <span style=\"background: LightGoldenRodYellow; margin: 4px; border: 1px solid khaki\"> (<a href=\"https://browser.ihtsdotools.org/\">SNOMED CT[US]</a>#261665006)</span></p><p><b>subject</b>: <a href=\"Patient-example.html\">Patient/example</a> &quot; SHAW&quot;</p><h3>Hospitalizations</h3><table class=\"grid\"><tr><td>-</td><td><b>DischargeDisposition</b></td></tr><tr><td>*</td><td>Discharged to Home <span style=\"background: LightGoldenRodYellow; margin: 4px; border: 1px solid khaki\"> (patient-discharge#01)</span></td></tr></table><h3>Locations</h3><table class=\"grid\"><tr><td>-</td><td><b>Location</b></td></tr><tr><td>*</td><td><a href=\"Location-hospital.html\">Location/hospital: Holy Family Hospital</a> &quot;Holy Family Hospital&quot;</td></tr></table></div>"
  },
  "status" : "in-progress",
  "class" : {
    "system" : "http://terminology.hl7.org/CodeSystem/v3-ActCode",
    "code" : "IMP",
    "display" : "inpatient encounter"
  },
  "type" : [{
    "coding" : [{
      "system" : "http://snomed.info/sct",
      "version" : "http://snomed.info/sct/731000124108",
      "code" : "261665006",
      "display" : "Unknown (qualifier value)"
    }],
    "text" : "Unknown (qualifier value)"
  }],
  "subject" : {
    "reference" : "Patient/example"
  },
  "hospitalization" : {
    "dischargeDisposition" : {
      "coding" : [{
        "system" : "http://www.nubc.org/patient-discharge",
        "code" : "01",
        "display" : "Discharged to Home"
      }]
    }
  },
  "location" : [{
    "location" : {
      "reference" : "Location/hospital",
      "display" : "Holy Family Hospital"
    }
  }]
}