{
  "resourceType": "Encounter",
  "id": "example-1",
  "meta": {
    "lastUpdated": "2017-05-26T11:56:57.250-04:00",
    "profile": [
      "http://hl7.org/fhir/us/core/StructureDefinition/us-core-encounter"
    ]
  },
  "identifier": [
    {
      "use": "official",
      "system": "https://github.com/synthetichealth/synthea",
      "value": "6ddb7da9-ea34-8bed-1b3d-ca7014f62d79"
    }
  ],
  "status": "finished",
  "class": {
    "system": "http://terminology.hl7.org/CodeSystem/v3-ActCode",
    "code": "AMB",
    "display": "ambulatory"
  },
  "type": [
    {
      "coding": [
        {
          "system": "http://www.ama-assn.org/go/cpt",
          "code": "99201"
        }
      ],
      "text": "Office Visit"
    }
  ],
  "subject": {
    "reference": "Patient/example"
  },
  "reasonCode": [
    {
      "coding": [
        {
          "system": "http://snomed.info/sct",
          "code": "34068001",
          "display": "Heart valve replacement"
        }
      ]
    }
  ],
  "reasonReference": [
    {
      "reference": "Condition/104376"
    }
  ],
  "period": {
    "start": "2015-11-01T17:00:14-05:00",
    "end": "2015-11-01T18:00:14-05:00"
  },
  "participant": [
    {
      "type": [
        {
          "coding": [
            {
              "system": "http://snomed.info/sct",
              "code": "270427003",
              "display": "Patient-initiated encounter"
            }
          ]
        }
      ],
      "period": {
        "start": "2015-01-17T16:00:00+10:00",
        "end": "2015-01-17T16:30:00+10:00"
      },
      "individual": {
        "reference": "Practitioner/104377",
        "display": "P. Voigt"
      }
    }
  ]
}