{
  "resourceType": "Encounter",
  "id": "1036",
  "meta": {
    "profile": [
      "http://hl7.org/fhir/us/core/StructureDefinition/us-core-encounter"
    ]
  },
  "status": "in-progress",
  "class": {
    "system": "http://terminology.hl7.org/CodeSystem/v3-ActCode",
    "code": "IMP",
    "display": "inpatient encounter"
  },
  "type": [
    {
      "coding": [
        {
          "system": "http://snomed.info/sct",
          "version": "http://snomed.info/sct/731000124108",
          "code": "261665006",
          "display": "Unknown (qualifier value)"
        }
      ],
      "text": "Unknown (qualifier value)"
    }
  ],
  "subject": {
    "reference": "Patient/example"
  },
  "hospitalization": {
    "dischargeDisposition": {
      "coding": [
        {
          "system": "http://www.nubc.org/patient-discharge",
          "code": "01",
          "display": "Discharged to Home"
        }
      ]
    }
  },
  "location": [
    {
      "location": {
        "reference": "Location/hospital",
        "display": "Holy Family Hospital"
      }
    }
  ]
}