{
  "resourceType": "Endpoint",
  "id": "acme-api",
  "meta": {
    "profile": ["http://hl7.org/fhir/us/core/StructureDefinition/us-core-endpoint"]
  },
  "status": "active",
  "connectionType": {
    "system": "http://terminology.hl7.org/CodeSystem/endpoint-connection-type",
    "code": "hl7-fhir-rest",
    "display": "HL7 FHIR REST"
  },
  "name": "Acme FHIR API Endpoint",
  "managingOrganization": {
    "reference": "Organization/acme-payer"
  },
  "contact": [
    {
      "system": "email",
      "value": "interop@acme-payer.org",
      "use": "work"
    }
  ],
  "payloadType": [
    {
      "text": "FHIR R4 Resources"
    }
  ],
  "payloadMimeType": [
    "application/fhir+json"
  ],
  "address": "https://api.acme-health.org/fhir"
}
