{
  "resourceType": "Goal",
  "id": "goal-sdoh-2",
  "meta": {
    "profile": [
      "http://hl7.org/fhir/us/core/StructureDefinition/us-core-goal"
    ]
  },
  "lifecycleStatus": "active",
  "description": {
    "coding": [
      {
        "system": "http://snomed.info/sct",
        "version": "http://snomed.info/sct/731000124108",
        "code": "406156006",
        "display": "In paid employment"
      }
    ],
    "text": "In paid employment"
  },
  "subject": {
    "reference": "Patient/example",
    "display": "Amy Shaw"
  },
  "target": [
    {
      "dueDate": "2022-02-01"
    }
  ]
}