{
  "resourceType" : "Immunization",
  "id" : "imm-1",
  "meta" : {
    "profile" : ["http://hl7.org/fhir/us/core/StructureDefinition/us-core-immunization"]
  },
  "text" : {
    "status" : "generated",
    "div" : "<div xmlns=\"http://www.w3.org/1999/xhtml\"><p><b>Generated Narrative: Immunization</b><a name=\"imm-1\"> </a></p><div style=\"display: inline-block; background-color: #d9e0e7; padding: 6px; margin: 4px; border: 1px solid #8da1b4; border-radius: 5px; line-height: 60%\"><p style=\"margin-bottom: 0px\">Resource Immunization &quot;imm-1&quot; </p><p style=\"margin-bottom: 0px\">Profile: <a href=\"StructureDefinition-us-core-immunization.html\">US Core Immunization Profile</a></p></div><p><b>status</b>: completed</p><p><b>vaccineCode</b>: influenza, high-dose, quadrivalent <span style=\"background: LightGoldenRodYellow; margin: 4px; border: 1px solid khaki\"> (<a href=\"http://terminology.hl7.org/5.0.0/CodeSystem-CVX.html\">PH_VaccinesAdministeredCVX_CDC_NIP</a>#197; <a href=\"http://terminology.hl7.org/5.0.0/CodeSystem-v3-ndc.html\">National drug codes</a>#49281012165 &quot;FLUZONE High-Dose Quadrivalent Northern Hemisphere, 10 SYRINGE, GLASS in 1 PACKAGE (49281-121-65)  &gt; .7 mL in 1 SYRINGE, GLASS (49281-121-88)  (package)&quot;)</span></p><p><b>patient</b>: <a href=\"Patient-example.html\">Patient/example: Amy Shaw</a> &quot; SHAW&quot;</p><p><b>occurrence</b>: 2020-11-19 12:46:57-0800</p><p><b>primarySource</b>: false</p></div>"
  },
  "status" : "completed",
  "vaccineCode" : {
    "coding" : [{
      "system" : "http://hl7.org/fhir/sid/cvx",
      "code" : "197",
      "display" : "influenza, high-dose, quadrivalent"
    },
    {
      "system" : "http://hl7.org/fhir/sid/ndc",
      "code" : "49281012165",
      "display" : "FLUZONE High-Dose Quadrivalent Northern Hemisphere, 10 SYRINGE, GLASS in 1 PACKAGE (49281-121-65)  > .7 mL in 1 SYRINGE, GLASS (49281-121-88)  (package)"
    }],
    "text" : "influenza, high-dose, quadrivalent"
  },
  "patient" : {
    "reference" : "Patient/example",
    "display" : "Amy Shaw"
  },
  "occurrenceDateTime" : "2020-11-19T12:46:57-08:00",
  "primarySource" : false
}