{
  "resourceType" : "Location",
  "id" : "hospital",
  "meta" : {
    "profile" : ["http://hl7.org/fhir/us/core/StructureDefinition/us-core-location"]
  },
  "text" : {
    "status" : "generated",
    "div" : "<div xmlns=\"http://www.w3.org/1999/xhtml\"><p><b>Generated Narrative: Location</b><a name=\"hospital\"> </a></p><div style=\"display: inline-block; background-color: #d9e0e7; padding: 6px; margin: 4px; border: 1px solid #8da1b4; border-radius: 5px; line-height: 60%\"><p style=\"margin-bottom: 0px\">Resource Location &quot;hospital&quot; </p><p style=\"margin-bottom: 0px\">Profile: <a href=\"StructureDefinition-us-core-location.html\">US Core Location Profile</a></p></div><p><b>status</b>: active</p><p><b>name</b>: Holy Family Hospital</p><p><b>telecom</b>: ph: 9786870156</p><p><b>address</b>: 70 EAST STREET METHUEN MA 01844 US </p><p><b>managingOrganization</b>: <a href=\"Organization-holy-healthcare.html\">Organization/holy-healthcare: Holy Healthcare</a> &quot;Holy Healthcare&quot;</p></div>"
  },
  "status" : "active",
  "name" : "Holy Family Hospital",
  "telecom" : [{
    "system" : "phone",
    "value" : "9786870156"
  }],
  "address" : {
    "line" : ["70 EAST STREET"],
    "city" : "METHUEN",
    "state" : "MA",
    "postalCode" : "01844",
    "country" : "US"
  },
  "managingOrganization" : {
    "reference" : "Organization/holy-healthcare",
    "display" : "Holy Healthcare"
  }
}