{
  "resourceType": "Location",
  "id": "hospital",
  "meta": {
    "profile": [
      "http://hl7.org/fhir/us/core/StructureDefinition/us-core-location"
    ]
  },
  "status": "active",
  "name": "Holy Family Hospital",
  "telecom": [
    {
      "system": "phone",
      "value": "9786870156"
    }
  ],
  "address": {
    "line": [
      "70 EAST STREET"
    ],
    "city": "METHUEN",
    "state": "MA",
    "postalCode": "01844",
    "country": "US"
  },
  "managingOrganization": {
    "reference": "Organization/holy-healthcare",
    "display": "Holy Healthcare"
  }
}