{
  "resourceType": "MedicationRequest",
  "id": "medicationrequest-referenced-oral-axid",
  "meta": {
    "profile": [
      "http://hl7.org/fhir/us/core/StructureDefinition/us-core-medicationrequest"
    ]
  },
  "status": "active",
  "intent": "order",
  "medicationReference": {
    "reference": "Medication/uscore-med2",
    "display": "Nizatidine 15 MG/ML Oral Solution [Axid]"
  },
  "subject": {
    "reference": "Patient/example",
    "display": "Amy Shaw"
  },
  "authoredOn": "2008-04-05",
  "requester": {
    "reference": "Practitioner/practitioner-1",
    "display": "Ronald Bone, MD"
  },
  "reasonReference": [
    {
      "reference": "Condition/condition-duodenal-ulcer",
      "display": "Active Duodenal Ulcer"
    }
  ],
  "dosageInstruction": [
    {
      "text": "10 mL bid",
      "timing": {
        "repeat": {
          "boundsPeriod": {
            "start": "2008-04-05"
          },
          "frequency": 2,
          "period": 1,
          "periodUnit": "d"
        }
      },
      "doseAndRate": [
        {
          "doseQuantity": {
            "value": 10,
            "unit": "ml",
            "system": "http://unitsofmeasure.org",
            "code": "mL"
          }
        }
      ]
    }
  ],
  "dispenseRequest": {
    "numberOfRepeatsAllowed": 1,
    "quantity": {
      "value": 480,
      "unit": "mL",
      "system": "http://unitsofmeasure.org",
      "code": "mL"
    },
    "expectedSupplyDuration": {
      "value": 30,
      "unit": "days",
      "system": "http://unitsofmeasure.org",
      "code": "d"
    }
  }
}