{
  "resourceType": "MedicationRequest",
  "id": "medicationrequest-coded-oral-axid",
  "meta": {
    "profile": [
      "http://hl7.org/fhir/us/core/StructureDefinition/us-core-medicationrequest"
    ]
  },
  "status": "active",
  "intent": "order",
  "medicationCodeableConcept": {
    "coding": [
      {
        "system": "http://www.nlm.nih.gov/research/umls/rxnorm",
        "code": "476872",
        "display": "Nizatidine 15 MG/ML Oral Solution"
      }
    ],
    "text": "Nizatidine 15 MG/ML Oral Solution"
  },
  "subject": {
    "reference": "Patient/example",
    "display": "Amy Shaw"
  },
  "encounter": {
    "reference": "Encounter/example-1",
    "display": "Office Visit"
  },
  "authoredOn": "2008-04-05",
  "requester": {
    "reference": "Practitioner/practitioner-1",
    "display": "Ronald Bone, MD"
  },
  "reasonCode": [
    {
      "coding": [
        {
          "system": "http://snomed.info/sct",
          "version": "http://snomed.info/sct/731000124108",
          "code": "51868009",
          "display": "Ulcer of duodenum (disorder)"
        }
      ],
      "text": "Active Duodenal Ulcer"
    }
  ],
  "dosageInstruction": [
    {
      "text": "10 mL bid",
      "timing": {
        "repeat": {
          "boundsPeriod": {
            "start": "2008-04-05"
          },
          "frequency": 2,
          "period": 1,
          "periodUnit": "d"
        }
      },
      "doseAndRate": [
        {
          "doseQuantity": {
            "value": 10,
            "unit": "ml",
            "system": "http://unitsofmeasure.org",
            "code": "mL"
          }
        }
      ]
    }
  ],
  "dispenseRequest": {
    "numberOfRepeatsAllowed": 1,
    "quantity": {
      "value": 480,
      "unit": "mL",
      "system": "http://unitsofmeasure.org",
      "code": "mL"
    },
    "expectedSupplyDuration": {
      "value": 30,
      "unit": "days",
      "system": "http://unitsofmeasure.org",
      "code": "d"
    }
  }
}