{
  "resourceType" : "Medication",
  "id" : "uscore-med1",
  "meta" : {
    "profile" : ["http://hl7.org/fhir/us/core/StructureDefinition/us-core-medication"]
  },
  "text" : {
    "status" : "generated",
    "div" : "<div xmlns=\"http://www.w3.org/1999/xhtml\"><p><b>Generated Narrative: Medication</b><a name=\"uscore-med1\"> </a></p><div style=\"display: inline-block; background-color: #d9e0e7; padding: 6px; margin: 4px; border: 1px solid #8da1b4; border-radius: 5px; line-height: 60%\"><p style=\"margin-bottom: 0px\">Resource Medication &quot;uscore-med1&quot; </p><p style=\"margin-bottom: 0px\">Profile: <a href=\"StructureDefinition-us-core-medication.html\">US Core Medication Profile</a></p></div><p><b>code</b>: lisinopril oral 10 mg <span style=\"background: LightGoldenRodYellow; margin: 4px; border: 1px solid khaki\"> (<a href=\"http://terminology.hl7.org/5.0.0/CodeSystem-v3-rxNorm.html\">RxNorm</a>#206765 &quot;Prinivil 10 MG Oral Tablet&quot;)</span></p></div>"
  },
  "code" : {
    "coding" : [{
      "system" : "http://www.nlm.nih.gov/research/umls/rxnorm",
      "code" : "206765",
      "display" : "Prinivil 10 MG Oral Tablet"
    }],
    "text" : "lisinopril oral 10 mg"
  }
}