{
  "resourceType" : "MedicationRequest",
  "id" : "medicationrequest-contained-oral-axid",
  "meta" : {
    "profile" : ["http://hl7.org/fhir/us/core/StructureDefinition/us-core-medicationrequest"]
  },
  "text" : {
    "status" : "generated",
    "div" : "<div xmlns=\"http://www.w3.org/1999/xhtml\"><p><b>Generated Narrative: MedicationRequest</b><a name=\"medicationrequest-contained-oral-axid\"> </a></p><div style=\"display: inline-block; background-color: #d9e0e7; padding: 6px; margin: 4px; border: 1px solid #8da1b4; border-radius: 5px; line-height: 60%\"><p style=\"margin-bottom: 0px\">Resource MedicationRequest &quot;medicationrequest-contained-oral-axid&quot; </p><p style=\"margin-bottom: 0px\">Profile: <a href=\"StructureDefinition-us-core-medicationrequest.html\">US Core MedicationRequest Profile</a></p></div><p><b>status</b>: active</p><p><b>intent</b>: order</p><p><b>medication</b>: <a name=\"med2\"> </a></p><blockquote><p/><p><a name=\"med2\"> </a></p><p><b>code</b>: Nizatidine 15 MG/ML Oral Solution [Axid] <span style=\"background: LightGoldenRodYellow; margin: 4px; border: 1px solid khaki\"> (<a href=\"http://terminology.hl7.org/5.0.0/CodeSystem-v3-rxNorm.html\">RxNorm</a>#582620)</span></p></blockquote><p><b>subject</b>: <a href=\"Patient-example.html\">Patient/example: Amy Shaw</a> &quot; SHAW&quot;</p><p><b>authoredOn</b>: 2008-04-05</p><p><b>requester</b>: <a href=\"Practitioner-practitioner-1.html\">Practitioner/practitioner-1: Ronald Bone, MD</a> &quot; BONE&quot;</p><p><b>reasonCode</b>: Active Duodenal Ulcer <span style=\"background: LightGoldenRodYellow; margin: 4px; border: 1px solid khaki\"> (<a href=\"https://browser.ihtsdotools.org/\">SNOMED CT[US]</a>#51868009 &quot;Ulcer of duodenum (disorder)&quot;)</span></p><blockquote><p><b>dosageInstruction</b></p><p><b>text</b>: 10 mL bid</p><p><b>timing</b>: Starting 2008-04-05, 2 per 1 days</p><blockquote><p><b>doseAndRate</b></p></blockquote></blockquote><blockquote><p><b>dispenseRequest</b></p><p><b>numberOfRepeatsAllowed</b>: 1</p><p><b>quantity</b>: 480 mL<span style=\"background: LightGoldenRodYellow\"> (Details: UCUM code mL = 'mL')</span></p><h3>ExpectedSupplyDurations</h3><table class=\"grid\"><tr><td>-</td><td><b>Value</b></td><td><b>Unit</b></td><td><b>System</b></td><td><b>Code</b></td></tr><tr><td>*</td><td>30</td><td>days</td><td><a href=\"http://terminology.hl7.org/5.0.0/CodeSystem-v3-ucum.html\">Unified Code for Units of Measure (UCUM)</a></td><td>d</td></tr></table></blockquote><hr/><blockquote><p><b>Generated Narrative: Medication #med2</b><a name=\"med2\"> </a></p><p><b>code</b>: Nizatidine 15 MG/ML Oral Solution [Axid] <span style=\"background: LightGoldenRodYellow; margin: 4px; border: 1px solid khaki\"> (<a href=\"http://terminology.hl7.org/5.0.0/CodeSystem-v3-rxNorm.html\">RxNorm</a>#582620)</span></p></blockquote></div>"
  },
  "contained" : [{
    "resourceType" : "Medication",
    "id" : "med2",
    "code" : {
      "coding" : [{
        "system" : "http://www.nlm.nih.gov/research/umls/rxnorm",
        "code" : "582620",
        "display" : "Nizatidine 15 MG/ML Oral Solution [Axid]"
      }],
      "text" : "Nizatidine 15 MG/ML Oral Solution [Axid]"
    }
  }],
  "status" : "active",
  "intent" : "order",
  "medicationReference" : {
    "reference" : "#med2",
    "display" : "Nizatidine 15 MG/ML Oral Solution [Axid]"
  },
  "subject" : {
    "reference" : "Patient/example",
    "display" : "Amy Shaw"
  },
  "authoredOn" : "2008-04-05",
  "requester" : {
    "reference" : "Practitioner/practitioner-1",
    "display" : "Ronald Bone, MD"
  },
  "reasonCode" : [{
    "coding" : [{
      "system" : "http://snomed.info/sct",
      "code" : "51868009",
      "display" : "Ulcer of duodenum (disorder)"
    }],
    "text" : "Active Duodenal Ulcer"
  }],
  "dosageInstruction" : [{
    "text" : "10 mL bid",
    "timing" : {
      "repeat" : {
        "boundsPeriod" : {
          "start" : "2008-04-05"
        },
        "frequency" : 2,
        "period" : 1,
        "periodUnit" : "d"
      }
    },
    "doseAndRate" : [{
      "doseQuantity" : {
        "value" : 10,
        "unit" : "ml",
        "system" : "http://unitsofmeasure.org",
        "code" : "mL"
      }
    }]
  }],
  "dispenseRequest" : {
    "numberOfRepeatsAllowed" : 1,
    "quantity" : {
      "value" : 480,
      "unit" : "mL",
      "system" : "http://unitsofmeasure.org",
      "code" : "mL"
    },
    "expectedSupplyDuration" : {
      "value" : 30,
      "unit" : "days",
      "system" : "http://unitsofmeasure.org",
      "code" : "d"
    }
  }
}