{
  "resourceType" : "MedicationDispense",
  "id" : "medicationdispense-example",
  "meta" : {
    "profile" : ["http://hl7.org/fhir/us/core/StructureDefinition/us-core-medicationdispense"]
  },
  "text" : {
    "status" : "generated",
    "div" : "<div xmlns=\"http://www.w3.org/1999/xhtml\"><p><b>Generated Narrative: MedicationDispense</b><a name=\"medicationdispense-example\"> </a></p><div style=\"display: inline-block; background-color: #d9e0e7; padding: 6px; margin: 4px; border: 1px solid #8da1b4; border-radius: 5px; line-height: 60%\"><p style=\"margin-bottom: 0px\">Resource MedicationDispense &quot;medicationdispense-example&quot; </p><p style=\"margin-bottom: 0px\">Profile: <a href=\"StructureDefinition-us-core-medicationdispense.html\">US Core MedicationDispense Profile</a></p></div><p><b>status</b>: completed</p><p><b>medication</b>: Nizatidine 15 MG/ML Oral Solution <span style=\"background: LightGoldenRodYellow; margin: 4px; border: 1px solid khaki\"> (<a href=\"http://terminology.hl7.org/5.0.0/CodeSystem-v3-rxNorm.html\">RxNorm</a>#476872)</span></p><p><b>subject</b>: <a href=\"Patient-example.html\">Patient/example: Amy Shaw</a> &quot; SHAW&quot;</p><h3>Performers</h3><table class=\"grid\"><tr><td>-</td><td><b>Actor</b></td></tr><tr><td>*</td><td><a href=\"Practitioner-practitioner-pharmacist.html\">Practitioner/practitioner-pharmacist: Doug Dispenser, PharmD</a> &quot; DOUGLAS&quot;</td></tr></table><p><b>authorizingPrescription</b>: <a href=\"MedicationRequest-medicationrequest-coded-oral-axid.html\">MedicationRequest/medicationrequest-coded-oral-axid: MedicationRequest Coded Oral Axid Example</a></p><p><b>type</b>: First Fill - Complete <span style=\"background: LightGoldenRodYellow; margin: 4px; border: 1px solid khaki\"> (<a href=\"http://terminology.hl7.org/5.0.0/CodeSystem-v3-ActCode.html\">ActCode</a>#FFC)</span></p><p><b>quantity</b>: 480 mL<span style=\"background: LightGoldenRodYellow\"> (Details: UCUM code mL = 'mL')</span></p><p><b>whenHandedOver</b>: 2016-12-08 06:38:52+0000</p><blockquote><p><b>dosageInstruction</b></p><p><b>text</b>: 10 mL bid</p><p><b>timing</b>: Starting 2008-04-05, 2 per 1 days</p><blockquote><p><b>doseAndRate</b></p></blockquote></blockquote></div>"
  },
  "status" : "completed",
  "medicationCodeableConcept" : {
    "coding" : [{
      "system" : "http://www.nlm.nih.gov/research/umls/rxnorm",
      "code" : "476872",
      "display" : "Nizatidine 15 MG/ML Oral Solution"
    }],
    "text" : "Nizatidine 15 MG/ML Oral Solution"
  },
  "subject" : {
    "reference" : "Patient/example",
    "display" : "Amy Shaw"
  },
  "performer" : [{
    "actor" : {
      "reference" : "Practitioner/practitioner-pharmacist",
      "display" : "Doug Dispenser, PharmD"
    }
  }],
  "authorizingPrescription" : [{
    "reference" : "MedicationRequest/medicationrequest-coded-oral-axid",
    "display" : "MedicationRequest Coded Oral Axid Example"
  }],
  "type" : {
    "coding" : [{
      "system" : "http://terminology.hl7.org/CodeSystem/v3-ActCode",
      "code" : "FFC",
      "display" : "First Fill - Complete"
    }]
  },
  "quantity" : {
    "value" : 480,
    "unit" : "mL",
    "system" : "http://unitsofmeasure.org",
    "code" : "mL"
  },
  "whenHandedOver" : "2016-12-08T06:38:52Z",
  "dosageInstruction" : [{
    "text" : "10 mL bid",
    "timing" : {
      "repeat" : {
        "boundsPeriod" : {
          "start" : "2008-04-05"
        },
        "frequency" : 2,
        "period" : 1,
        "periodUnit" : "d"
      }
    },
    "doseAndRate" : [{
      "doseQuantity" : {
        "value" : 10,
        "unit" : "ml",
        "system" : "http://unitsofmeasure.org",
        "code" : "mL"
      }
    }]
  }]
}