{
  "resourceType": "Observation",
  "id": "HVS-panel-example-88121-9",
  "meta": {
    "profile": [
      "http://hl7.org/fhir/us/core/StructureDefinition/us-core-observation-screening-assessment"
    ]
  },
  "status": "final",
  "category": [
    {
      "coding": [
        {
          "system": "http://hl7.org/fhir/us/core/CodeSystem/us-core-category",
          "code": "sdoh",
          "display": "SDOH"
        }
      ]
    },
    {
      "coding": [
        {
          "system": "http://terminology.hl7.org/CodeSystem/observation-category",
          "code": "survey",
          "display": "Survey"
        }
      ]
    }
  ],
  "code": {
    "coding": [
      {
        "system": "http://loinc.org",
        "code": "88121-9",
        "display": "Hunger Vital Sign [HVS]"
      }
    ],
    "text": "Hunger Vital Sign [HVS]"
  },
  "subject": {
    "reference": "Patient/example"
  },
  "effectiveDateTime": "2020-09-10T21:56:54.671000+00:00",
  "performer": [
    {
      "reference": "Patient/example"
    }
  ],
  "hasMember": [
    {
      "reference": "Observation/HVS-item-example-88122-7"
    },
    {
      "reference": "Observation/HVS-item-example-88123-5"
    },
    {
      "reference": "Observation/HVS-item-example-88124-3"
    }
  ],
  "derivedFrom": [
    {
      "reference": "QuestionnaireResponse/hunger-vital-sign-example"
    }
  ]
}