{
  "resourceType": "Observation",
  "id": "bmi",
  "meta": {
    "profile": [
      "http://hl7.org/fhir/us/core/StructureDefinition/us-core-bmi"
    ]
  },
  "status": "final",
  "category": [
    {
      "coding": [
        {
          "system": "http://terminology.hl7.org/CodeSystem/observation-category",
          "code": "vital-signs",
          "display": "Vital Signs"
        }
      ],
      "text": "Vital Signs"
    }
  ],
  "code": {
    "coding": [
      {
        "system": "http://loinc.org",
        "code": "39156-5",
        "display": "Body mass index (BMI) [Ratio]"
      }
    ],
    "text": "BMI"
  },
  "subject": {
    "reference": "Patient/example",
    "display": "Amy Shaw"
  },
  "encounter": {
    "display": "GP Visit"
  },
  "effectiveDateTime": "1999-07-02",
  "valueQuantity": {
    "value": 16.2,
    "unit": "kg/m2",
    "system": "http://unitsofmeasure.org",
    "code": "kg/m2"
  }
}