{
  "resourceType" : "Observation",
  "id" : "HVS-panel-example-88121-9",
  "meta" : {
    "profile" : ["http://hl7.org/fhir/us/core/StructureDefinition/us-core-observation-screening-assessment"]
  },
  "text" : {
    "status" : "generated",
    "div" : "<div xmlns=\"http://www.w3.org/1999/xhtml\"><p><b>Generated Narrative: Observation</b><a name=\"HVS-panel-example-88121-9\"> </a></p><div style=\"display: inline-block; background-color: #d9e0e7; padding: 6px; margin: 4px; border: 1px solid #8da1b4; border-radius: 5px; line-height: 60%\"><p style=\"margin-bottom: 0px\">Resource Observation &quot;HVS-panel-example-88121-9&quot; </p><p style=\"margin-bottom: 0px\">Profile: <a href=\"StructureDefinition-us-core-observation-screening-assessment.html\">US Core Observation Screening Assessment Profile</a></p></div><p><b>status</b>: final</p><p><b>category</b>: SDOH <span style=\"background: LightGoldenRodYellow; margin: 4px; border: 1px solid khaki\"> (<a href=\"CodeSystem-us-core-category.html\">US Core Category</a>#sdoh)</span>, Survey <span style=\"background: LightGoldenRodYellow; margin: 4px; border: 1px solid khaki\"> (<a href=\"http://terminology.hl7.org/5.0.0/CodeSystem-observation-category.html\">Observation Category Codes</a>#survey)</span></p><p><b>code</b>: Hunger Vital Sign [HVS] <span style=\"background: LightGoldenRodYellow; margin: 4px; border: 1px solid khaki\"> (<a href=\"https://loinc.org/\">LOINC</a>#88121-9)</span></p><p><b>subject</b>: <a href=\"Patient-example.html\">Patient/example</a> &quot; SHAW&quot;</p><p><b>effective</b>: 2020-09-10 21:56:54+0000</p><p><b>performer</b>: <a href=\"Patient-example.html\">Patient/example</a> &quot; SHAW&quot;</p><p><b>hasMember</b>: </p><ul><li><a href=\"Observation-HVS-item-example-88122-7.html\">Observation/HVS-item-example-88122-7</a></li><li><a href=\"Observation-HVS-item-example-88123-5.html\">Observation/HVS-item-example-88123-5</a></li><li><a href=\"Observation-HVS-item-example-88124-3.html\">Observation/HVS-item-example-88124-3</a></li></ul><p><b>derivedFrom</b>: <a href=\"QuestionnaireResponse-hunger-vital-sign-example.html\">QuestionnaireResponse/hunger-vital-sign-example</a></p></div>"
  },
  "status" : "final",
  "category" : [{
    "coding" : [{
      "system" : "http://hl7.org/fhir/us/core/CodeSystem/us-core-category",
      "code" : "sdoh",
      "display" : "SDOH"
    }]
  },
  {
    "coding" : [{
      "system" : "http://terminology.hl7.org/CodeSystem/observation-category",
      "code" : "survey",
      "display" : "Survey"
    }]
  }],
  "code" : {
    "coding" : [{
      "system" : "http://loinc.org",
      "code" : "88121-9",
      "display" : "Hunger Vital Sign [HVS]"
    }],
    "text" : "Hunger Vital Sign [HVS]"
  },
  "subject" : {
    "reference" : "Patient/example"
  },
  "effectiveDateTime" : "2020-09-10T21:56:54.671000+00:00",
  "performer" : [{
    "reference" : "Patient/example"
  }],
  "hasMember" : [{
    "reference" : "Observation/HVS-item-example-88122-7"
  },
  {
    "reference" : "Observation/HVS-item-example-88123-5"
  },
  {
    "reference" : "Observation/HVS-item-example-88124-3"
  }],
  "derivedFrom" : [{
    "reference" : "QuestionnaireResponse/hunger-vital-sign-example"
  }]
}