{
  "resourceType": "Observation",
  "id": "10-minute-apgar-score",
  "meta": {
    "profile": [
      "http://hl7.org/fhir/us/core/StructureDefinition/us-core-observation-screening-assessment"
    ]
  },
  "status": "final",
  "category": [
    {
      "coding": [
        {
          "system": "http://terminology.hl7.org/CodeSystem/observation-category",
          "code": "survey",
          "display": "Survey"
        }
      ],
      "text": "Survey"
    }
  ],
  "code": {
    "coding": [
      {
        "system": "http://loinc.org",
        "code": "9271-8",
        "display": "10 minute Apgar Score"
      }
    ],
    "text": "10 minute Apgar Score"
  },
  "subject": {
    "reference": "Patient/infant-example"
  },
  "effectiveDateTime": "2016-05-18T22:33:22Z",
  "performer": [
    {
      "reference": "Practitioner/practitioner-1",
      "display": "Ronald Bone"
    }
  ],
  "valueQuantity": {
    "value": 10,
    "unit": "score",
    "system": "http://unitsofmeasure.org",
    "code": "1"
  }
}