{
  "resourceType": "Observation",
  "id": "PHQ9-panel-example-44249-1",
  "meta": {
    "profile": [
      "http://hl7.org/fhir/us/core/StructureDefinition/us-core-observation-screening-assessment"
    ]
  },
  "status": "final",
  "category": [
    {
      "coding": [
        {
          "system": "http://terminology.hl7.org/CodeSystem/observation-category",
          "code": "survey",
          "display": "Survey"
        }
      ]
    },
    {
      "coding": [
        {
          "system": "http://hl7.org/fhir/us/core/CodeSystem/us-core-category",
          "code": "disability-status",
          "display": "Disability Status"
        }
      ]
    }
  ],
  "code": {
    "coding": [
      {
        "system": "http://loinc.org",
        "code": "44249-1",
        "display": "PHQ-9 quick depression assessment panel [Reported.PHQ]"
      }
    ],
    "text": "PHQ-9 quick depression assessment panel [Reported.PHQ]"
  },
  "subject": {
    "reference": "Patient/example"
  },
  "effectiveDateTime": "2022-11-29T20:50:32.718000+00:00",
  "performer": [
    {
      "reference": "Practitioner/practitioner-1"
    }
  ],
  "hasMember": [
    {
      "reference": "Observation/PHQ9-item-example-44250-9"
    },
    {
      "reference": "Observation/PHQ9-item-example-44255-8"
    },
    {
      "reference": "Observation/PHQ9-item-example-44259-0"
    },
    {
      "reference": "Observation/PHQ9-item-example-44254-1"
    },
    {
      "reference": "Observation/PHQ9-item-example-44251-7"
    },
    {
      "reference": "Observation/PHQ9-item-example-44258-2"
    },
    {
      "reference": "Observation/PHQ9-item-example-44252-5"
    },
    {
      "reference": "Observation/PHQ9-item-example-44253-3"
    },
    {
      "reference": "Observation/PHQ9-item-example-44260-8"
    },
    {
      "reference": "Observation/PHQ9-item-example-44261-6"
    },
    {
      "reference": "Observation/PHQ9-item-example-69722-7"
    }
  ],
  "derivedFrom": [
    {
      "reference": "QuestionnaireResponse/phq-9-example"
    }
  ]
}