{
  "resourceType": "Observation",
  "id": "pregnancy-intent",
  "meta": {
    "profile": [
      "http://hl7.org/fhir/us/core/StructureDefinition/us-core-observation-pregnancyintent"
    ]
  },
  "status": "final",
  "category": [
    {
      "coding": [
        {
          "system": "http://terminology.hl7.org/CodeSystem/observation-category",
          "code": "social-history",
          "display": "Social History"
        }
      ],
      "text": "Social History"
    }
  ],
  "code": {
    "coding": [
      {
        "system": "http://loinc.org",
        "code": "86645-9",
        "display": "Pregnancy intention in the next year - Reported"
      }
    ],
    "text": "Pregnancy Intent"
  },
  "subject": {
    "reference": "Patient/example",
    "display": "Amy Shaw"
  },
  "effectiveDateTime": "2022-09-23T22:39:43Z",
  "valueCodeableConcept": {
    "coding": [
      {
        "system": "http://snomed.info/sct",
        "version": "http://snomed.info/sct/731000124108",
        "code": "454381000124105",
        "display": "Not sure of desire to become pregnant (finding)"
      }
    ],
    "text": "Pregnant"
  }
}