{
  "resourceType": "Observation",
  "id": "observation-occupation-industry-unknown",
  "meta": {
    "profile": [
      "http://hl7.org/fhir/us/core/StructureDefinition/us-core-observation-occupation"
    ]
  },
  "status": "final",
  "category": [
    {
      "coding": [
        {
          "system": "http://terminology.hl7.org/CodeSystem/observation-category",
          "code": "social-history"
        }
      ]
    }
  ],
  "code": {
    "coding": [
      {
        "system": "http://loinc.org",
        "code": "11341-5",
        "display": "History of Occupation"
      }
    ]
  },
  "subject": {
    "reference": "Patient/example"
  },
  "effectivePeriod": {
    "start": "2022-04-10"
  },
  "valueCodeableConcept": {
    "coding": [
      {
        "system": "http://terminology.hl7.org/CodeSystem/PHOccupationalDataForHealthODH",
        "code": "31-1014.00.007136",
        "display": "Certified Nursing Assistant (CNA) [Nursing Assistants]"
      }
    ]
  }
}