{
  "resourceType": "Observation",
  "id": "HVS-item-example-88122-7",
  "meta": {
    "profile": [
      "http://hl7.org/fhir/us/core/StructureDefinition/us-core-observation-screening-assessment"
    ]
  },
  "status": "final",
  "category": [
    {
      "coding": [
        {
          "system": "http://hl7.org/fhir/us/core/CodeSystem/us-core-category",
          "code": "sdoh",
          "display": "SDOH"
        }
      ]
    },
    {
      "coding": [
        {
          "system": "http://terminology.hl7.org/CodeSystem/observation-category",
          "code": "survey",
          "display": "Survey"
        }
      ]
    }
  ],
  "code": {
    "coding": [
      {
        "system": "http://loinc.org",
        "code": "88122-7",
        "display": "(I/We) worried whether (my/our) food would run out before (I/we) got money to buy more."
      }
    ],
    "text": "(I/We) worried whether (my/our) food would run out before (I/we) got money to buy more."
  },
  "subject": {
    "reference": "Patient/example"
  },
  "effectiveDateTime": "2020-09-10T21:56:54.671000+00:00",
  "performer": [
    {
      "reference": "Patient/example"
    }
  ],
  "valueCodeableConcept": {
    "coding": [
      {
        "system": "http://loinc.org",
        "code": "LA28397-0",
        "display": "Often true"
      }
    ],
    "text": "Often true"
  },
  "derivedFrom": [
    {
      "reference": "QuestionnaireResponse/hunger-vital-sign-example"
    }
  ]
}