{
  "resourceType": "Observation",
  "id": "PRAPARE-panel-example-93043-8",
  "meta": {
    "profile": [
      "http://hl7.org/fhir/us/core/StructureDefinition/us-core-observation-screening-assessment"
    ]
  },
  "status": "final",
  "category": [
    {
      "coding": [
        {
          "system": "http://hl7.org/fhir/us/core/CodeSystem/us-core-category",
          "code": "sdoh",
          "display": "SDOH"
        }
      ]
    },
    {
      "coding": [
        {
          "system": "http://terminology.hl7.org/CodeSystem/observation-category",
          "code": "survey",
          "display": "Survey"
        }
      ]
    }
  ],
  "code": {
    "coding": [
      {
        "system": "http://loinc.org",
        "code": "93043-8",
        "display": "Personal characteristics [PRAPARE]"
      }
    ],
    "text": "Personal characteristics"
  },
  "subject": {
    "reference": "Patient/example"
  },
  "effectiveDateTime": "2022-03-28T18:30:40-07:00",
  "performer": [
    {
      "reference": "Patient/example"
    }
  ],
  "hasMember": [
    {
      "reference": "Observation/PRAPARE-item-example-56051-6"
    },
    {
      "reference": "Observation/PRAPARE-multiselect-item-example-32624-9-answer0"
    },
    {
      "reference": "Observation/PRAPARE-multiselect-item-example-32624-9-answer1"
    },
    {
      "reference": "Observation/PRAPARE-item-example-93035-4"
    },
    {
      "reference": "Observation/PRAPARE-item-example-93034-7"
    },
    {
      "reference": "Observation/PRAPARE-item-example-54899-0"
    }
  ],
  "derivedFrom": [
    {
      "reference": "QuestionnaireResponse/prapare-example"
    }
  ]
}