{
  "resourceType": "Observation",
  "id": "phq9-total-score",
  "meta": {
    "profile": ["http://hl7.org/fhir/us/core/StructureDefinition/us-core-observation-screening-assessment"]
  },
  "status": "final",
  "category": [
    { "coding": [{ "system": "http://terminology.hl7.org/CodeSystem/observation-category", "code": "survey" }] }
  ],
  "code": {
    "coding": [
      { "system": "http://loinc.org", "code": "44249-1", "display": "PHQ-9 quick depression assessment panel [Reported.PHQ]" }
    ],
    "text": "PHQ-9 Total Score"
  },
  "valueString": "More than half the days",
  "subject": { "reference": "Patient/example" },
  "effectiveDateTime": "2022-11-29T20:50:32Z",
  "hasMember": [
    { "reference": "Observation/PHQ9-item-example-44250-9" }
  ]
}
