{
  "resourceType" : "Observation",
  "id" : "dxa-hip-l-z-score-bmd",
  "meta" : {
    "profile" : ["http://hl7.org/fhir/us/core/StructureDefinition/us-core-observation-clinical-result"]
  },
  "text" : {
    "status" : "generated",
    "div" : "<div xmlns=\"http://www.w3.org/1999/xhtml\"><p><b>Generated Narrative: Observation</b><a name=\"dxa-hip-l-z-score-bmd\"> </a></p><div style=\"display: inline-block; background-color: #d9e0e7; padding: 6px; margin: 4px; border: 1px solid #8da1b4; border-radius: 5px; line-height: 60%\"><p style=\"margin-bottom: 0px\">Resource Observation &quot;dxa-hip-l-z-score-bmd&quot; </p><p style=\"margin-bottom: 0px\">Profile: <a href=\"StructureDefinition-us-core-observation-clinical-result.html\">US Core Observation Clinical Result Profile</a></p></div><p><b>status</b>: final</p><p><b>category</b>: Imaging <span style=\"background: LightGoldenRodYellow; margin: 4px; border: 1px solid khaki\"> (<a href=\"http://terminology.hl7.org/5.0.0/CodeSystem-observation-category.html\">Observation Category Codes</a>#imaging)</span></p><p><b>code</b>: DXA Hip-L Z-score BMD <span style=\"background: LightGoldenRodYellow; margin: 4px; border: 1px solid khaki\"> (<a href=\"https://loinc.org/\">LOINC</a>#80938-4)</span></p><p><b>subject</b>: <a href=\"Patient-example.html\">Patient/example: Amy Shaw</a> &quot; SHAW&quot;</p><p><b>encounter</b>: <span>: Bone Scan</span></p><p><b>effective</b>: 2021-11-10 19:14:41-0800</p><p><b>value</b>: -0.19 Z-Score<span style=\"background: LightGoldenRodYellow\"> (Details: UCUM code {Z-Score} = '{Z-Score}')</span></p></div>"
  },
  "status" : "final",
  "category" : [{
    "coding" : [{
      "system" : "http://terminology.hl7.org/CodeSystem/observation-category",
      "code" : "imaging",
      "display" : "Imaging"
    }],
    "text" : "Imaging"
  }],
  "code" : {
    "coding" : [{
      "system" : "http://loinc.org",
      "code" : "80938-4",
      "display" : "DXA Hip-L Z-score BMD"
    }],
    "text" : "DXA Hip-L Z-score BMD"
  },
  "subject" : {
    "reference" : "Patient/example",
    "display" : "Amy Shaw"
  },
  "encounter" : {
    "display" : "Bone Scan"
  },
  "effectiveDateTime" : "2021-11-10T19:14:41.088720-08:00",
  "valueQuantity" : {
    "value" : -0.19,
    "unit" : "Z-Score",
    "system" : "http://unitsofmeasure.org",
    "code" : "{Z-Score}"
  }
}