{
  "resourceType": "Observation",
  "id": "10-minute-apgar-muscle-tone",
  "meta": {
    "profile": [
      "http://hl7.org/fhir/us/core/StructureDefinition/us-core-observation-screening-assessment"
    ]
  },
  "status": "final",
  "category": [
    {
      "coding": [
        {
          "system": "http://terminology.hl7.org/CodeSystem/observation-category",
          "code": "survey",
          "display": "Survey"
        }
      ],
      "text": "Survey"
    }
  ],
  "code": {
    "coding": [
      {
        "system": "http://loinc.org",
        "code": "32403-8",
        "display": "10 minute Apgar Muscle Tone"
      }
    ],
    "text": "Apgar muscle tone score"
  },
  "subject": {
    "reference": "Patient/infant-example"
  },
  "effectiveDateTime": "2016-05-18T22:33:22Z",
  "performer": [
    {
      "reference": "Practitioner/practitioner-1",
      "display": "Ronald Bone"
    }
  ],
  "valueCodeableConcept": {
    "coding": [
      {
        "extension": [
          {
            "url": "http://hl7.org/fhir/StructureDefinition/ordinalValue",
            "valueDecimal": 2
          }
        ],
        "system": "http://loinc.org",
        "code": "LA6715-2",
        "display": "Active motion"
      }
    ],
    "text": "2. Active motion"
  }
}