{
  "resourceType": "Observation",
  "id": "serum-glucose",
  "meta": {
    "versionId": "1165",
    "lastUpdated": "2016-03-09T15:29:58.328+00:00",
    "profile": [
      "http://hl7.org/fhir/us/core/StructureDefinition/us-core-observation-lab"
    ]
  },
  "status": "final",
  "category": [
    {
      "coding": [
        {
          "system": "http://terminology.hl7.org/CodeSystem/observation-category",
          "code": "laboratory",
          "display": "Laboratory"
        }
      ],
      "text": "Laboratory"
    }
  ],
  "code": {
    "coding": [
      {
        "system": "http://loinc.org",
        "code": "2345-7",
        "display": "Glucose SerPl-mCnc"
      }
    ],
    "text": "Glucose SerPl-mCnc"
  },
  "subject": {
    "reference": "Patient/example",
    "display": "Amy Shaw"
  },
  "effectiveDateTime": "2005-07-05",
  "valueQuantity": {
    "value": 76,
    "unit": "mg/dL",
    "system": "http://unitsofmeasure.org"
  },
  "specimen": {
    "reference": "Specimen/specimen-example-serum",
    "display": "Serum specimen"
  },
  "referenceRange": [
    {
      "low": {
        "value": 40,
        "unit": "mg/dL",
        "system": "http://unitsofmeasure.org",
        "code": "mg/dL"
      },
      "high": {
        "value": 109,
        "unit": "mg/dL",
        "system": "http://unitsofmeasure.org",
        "code": "mg/dL"
      },
      "type": {
        "coding": [
          {
            "system": "http://terminology.hl7.org/CodeSystem/referencerange-meaning",
            "code": "normal",
            "display": "Normal Range"
          }
        ],
        "text": "Normal Range"
      }
    }
  ]
}