{
  "resourceType": "Observation",
  "id": "AHC-HRSN-item-example-68517-2",
  "meta": {
    "profile": [
      "http://hl7.org/fhir/us/core/StructureDefinition/us-core-observation-screening-assessment"
    ]
  },
  "status": "final",
  "category": [
    {
      "coding": [
        {
          "system": "http://hl7.org/fhir/us/core/CodeSystem/us-core-category",
          "code": "sdoh",
          "display": "SDOH"
        }
      ]
    },
    {
      "coding": [
        {
          "system": "http://terminology.hl7.org/CodeSystem/observation-category",
          "code": "survey",
          "display": "Survey"
        }
      ]
    }
  ],
  "code": {
    "coding": [
      {
        "system": "http://loinc.org",
        "code": "68517-2",
        "display": "How many times in the past year have you have X or more drinks in a day"
      }
    ],
    "text": "How many times in the past 12 months have you had 5 or more drinks in a day (males) or 4 or more drinks in a day (females)?"
  },
  "subject": {
    "reference": "Patient/example"
  },
  "effectiveDateTime": "2022-03-29T22:38:59.084000+00:00",
  "performer": [
    {
      "reference": "Patient/example"
    }
  ],
  "valueCodeableConcept": {
    "coding": [
      {
        "system": "http://loinc.org",
        "code": "LA18934-2",
        "display": "Daily or almost daily"
      }
    ],
    "text": "Daily or almost daily"
  },
  "derivedFrom": [
    {
      "display": "Questionnaire Response AHC HRSN Screening Example"
    }
  ]
}