{
  "resourceType": "Observation",
  "id": "PRAPARE-item-example-71802-3",
  "meta": {
    "profile": [
      "http://hl7.org/fhir/us/core/StructureDefinition/us-core-observation-screening-assessment"
    ]
  },
  "status": "final",
  "category": [
    {
      "coding": [
        {
          "system": "http://hl7.org/fhir/us/core/CodeSystem/us-core-category",
          "code": "sdoh",
          "display": "SDOH"
        }
      ]
    },
    {
      "coding": [
        {
          "system": "http://terminology.hl7.org/CodeSystem/observation-category",
          "code": "survey",
          "display": "Survey"
        }
      ]
    }
  ],
  "code": {
    "coding": [
      {
        "system": "http://loinc.org",
        "code": "71802-3",
        "display": "Housing status"
      }
    ],
    "text": "Housing status"
  },
  "subject": {
    "reference": "Patient/example"
  },
  "effectiveDateTime": "2022-03-28T18:30:40-07:00",
  "performer": [
    {
      "reference": "Patient/example"
    }
  ],
  "valueCodeableConcept": {
    "coding": [
      {
        "system": "http://loinc.org",
        "code": "LA30190-5",
        "display": "I do not have housing (staying with others, in a hotel, in a shelter, living outside on the street, on a beach, in a car, or in a park)"
      }
    ],
    "text": "I do not have housing (staying with others, in a hotel, in a shelter, living outside on the street, on a beach, in a car, or in a park)"
  },
  "derivedFrom": [
    {
      "reference": "QuestionnaireResponse/prapare-example"
    }
  ]
}