{
  "resourceType": "Observation",
  "id": "PRAPARE-panel-example-93041-2",
  "meta": {
    "profile": [
      "http://hl7.org/fhir/us/core/StructureDefinition/us-core-observation-screening-assessment"
    ]
  },
  "status": "final",
  "category": [
    {
      "coding": [
        {
          "system": "http://hl7.org/fhir/us/core/CodeSystem/us-core-category",
          "code": "sdoh",
          "display": "SDOH"
        }
      ]
    },
    {
      "coding": [
        {
          "system": "http://terminology.hl7.org/CodeSystem/observation-category",
          "code": "survey",
          "display": "Survey"
        }
      ]
    }
  ],
  "code": {
    "coding": [
      {
        "system": "http://loinc.org",
        "code": "93041-2",
        "display": "Money and resources [PRAPARE]"
      }
    ],
    "text": "Money and resources"
  },
  "subject": {
    "reference": "Patient/example"
  },
  "effectiveDateTime": "2022-03-28T18:30:40-07:00",
  "performer": [
    {
      "reference": "Patient/example"
    }
  ],
  "hasMember": [
    {
      "reference": "Observation/PRAPARE-item-example-82589-3"
    },
    {
      "reference": "Observation/PRAPARE-item-example-67875-5"
    },
    {
      "reference": "Observation/PRAPARE-item-example-76437-3"
    },
    {
      "reference": "Observation/PRAPARE-item-example-63586-2"
    },
    {
      "reference": "Observation/PRAPARE-multiselect-item-example-93031-3-answer0"
    },
    {
      "reference": "Observation/PRAPARE-multiselect-item-example-93031-3-answer1"
    },
    {
      "reference": "Observation/PRAPARE-item-example-93030-5"
    }
  ],
  "derivedFrom": [
    {
      "reference": "QuestionnaireResponse/prapare-example"
    }
  ]
}