{
  "resourceType": "Observation",
  "id": "pulse-intensity-palpation",
  "meta": {
    "profile": [
      "http://hl7.org/fhir/us/core/StructureDefinition/us-core-observation-clinical-result"
    ]
  },
  "status": "final",
  "category": [
    {
      "coding": [
        {
          "system": "http://terminology.hl7.org/CodeSystem/observation-category",
          "code": "exam",
          "display": "Exam"
        }
      ],
      "text": "Exam"
    }
  ],
  "code": {
    "coding": [
      {
        "system": "http://loinc.org",
        "code": "44974-4",
        "display": "Pulse intensity Palpation"
      }
    ],
    "text": "Pulse intensity Palpation"
  },
  "subject": {
    "reference": "Patient/example",
    "display": "Amy Shaw"
  },
  "encounter": {
    "display": "Cardiology Consult"
  },
  "effectiveDateTime": "2021-11-10T16:48:57.246958-08:00",
  "valueCodeableConcept": {
    "coding": [
      {
        "system": "http://loinc.org",
        "code": "LA11841-6",
        "display": "1+"
      }
    ],
    "text": "1+"
  }
}