{
  "resourceType": "Observation",
  "id": "ofc-percentile",
  "meta": {
    "profile": [
      "http://hl7.org/fhir/us/core/StructureDefinition/head-occipital-frontal-circumference-percentile"
    ]
  },
  "status": "final",
  "category": [
    {
      "coding": [
        {
          "system": "http://terminology.hl7.org/CodeSystem/observation-category",
          "code": "vital-signs",
          "display": "Vital Signs"
        }
      ],
      "text": "Vital Signs"
    }
  ],
  "code": {
    "coding": [
      {
        "system": "http://loinc.org",
        "code": "8289-1",
        "display": "Head Occipital-frontal circumference Percentile"
      }
    ],
    "text": "Head Occipital-frontal circumference Percentile"
  },
  "subject": {
    "reference": "Patient/infant-example",
    "display": "Infant Example"
  },
  "effectiveDateTime": "2020-07-01",
  "valueQuantity": {
    "value": 82,
    "unit": "%",
    "system": "http://unitsofmeasure.org",
    "code": "%"
  },
  "note": [
    {
      "text": "WHO Males, 0-2 years Chart"
    }
  ]
}