{
  "resourceType" : "Observation",
  "id" : "AHC-HRSN-item-example-68517-2",
  "meta" : {
    "profile" : ["http://hl7.org/fhir/us/core/StructureDefinition/us-core-observation-screening-assessment"]
  },
  "text" : {
    "status" : "generated",
    "div" : "<div xmlns=\"http://www.w3.org/1999/xhtml\"><p><b>Generated Narrative: Observation</b><a name=\"AHC-HRSN-item-example-68517-2\"> </a></p><div style=\"display: inline-block; background-color: #d9e0e7; padding: 6px; margin: 4px; border: 1px solid #8da1b4; border-radius: 5px; line-height: 60%\"><p style=\"margin-bottom: 0px\">Resource Observation &quot;AHC-HRSN-item-example-68517-2&quot; </p><p style=\"margin-bottom: 0px\">Profile: <a href=\"StructureDefinition-us-core-observation-screening-assessment.html\">US Core Observation Screening Assessment Profile</a></p></div><p><b>status</b>: final</p><p><b>category</b>: SDOH <span style=\"background: LightGoldenRodYellow; margin: 4px; border: 1px solid khaki\"> (<a href=\"CodeSystem-us-core-category.html\">US Core Category</a>#sdoh)</span>, Survey <span style=\"background: LightGoldenRodYellow; margin: 4px; border: 1px solid khaki\"> (<a href=\"http://terminology.hl7.org/5.0.0/CodeSystem-observation-category.html\">Observation Category Codes</a>#survey)</span></p><p><b>code</b>: How many times in the past 12 months have you had 5 or more drinks in a day (males) or 4 or more drinks in a day (females)? <span style=\"background: LightGoldenRodYellow; margin: 4px; border: 1px solid khaki\"> (<a href=\"https://loinc.org/\">LOINC</a>#68517-2 &quot;How many times in the past year have you have X or more drinks in a day&quot;)</span></p><p><b>subject</b>: <a href=\"Patient-example.html\">Patient/example</a> &quot; SHAW&quot;</p><p><b>effective</b>: 2022-03-29 22:38:59+0000</p><p><b>performer</b>: <a href=\"Patient-example.html\">Patient/example</a> &quot; SHAW&quot;</p><p><b>value</b>: Daily or almost daily <span style=\"background: LightGoldenRodYellow; margin: 4px; border: 1px solid khaki\"> (<a href=\"https://loinc.org/\">LOINC</a>#LA18934-2)</span></p><p><b>derivedFrom</b>: <span>: Questionnaire Response AHC HRSN Screening Example</span></p></div>"
  },
  "status" : "final",
  "category" : [{
    "coding" : [{
      "system" : "http://hl7.org/fhir/us/core/CodeSystem/us-core-category",
      "code" : "sdoh",
      "display" : "SDOH"
    }]
  },
  {
    "coding" : [{
      "system" : "http://terminology.hl7.org/CodeSystem/observation-category",
      "code" : "survey",
      "display" : "Survey"
    }]
  }],
  "code" : {
    "coding" : [{
      "system" : "http://loinc.org",
      "code" : "68517-2",
      "display" : "How many times in the past year have you have X or more drinks in a day"
    }],
    "text" : "How many times in the past 12 months have you had 5 or more drinks in a day (males) or 4 or more drinks in a day (females)?"
  },
  "subject" : {
    "reference" : "Patient/example"
  },
  "effectiveDateTime" : "2022-03-29T22:38:59.084000+00:00",
  "performer" : [{
    "reference" : "Patient/example"
  }],
  "valueCodeableConcept" : {
    "coding" : [{
      "system" : "http://loinc.org",
      "code" : "LA18934-2",
      "display" : "Daily or almost daily"
    }],
    "text" : "Daily or almost daily"
  },
  "derivedFrom" : [{
    "display" : "Questionnaire Response AHC HRSN Screening Example"
  }]
}