{
  "resourceType": "Observation",
  "id": "simple-observation-disability-status",
  "meta": {
    "profile": [
      "http://hl7.org/fhir/us/core/StructureDefinition/us-core-simple-observation"
    ]
  },
  "status": "final",
  "category": [
    {
      "coding": [
        {
          "system": "http://hl7.org/fhir/us/core/CodeSystem/us-core-category",
          "code": "disability-status",
          "display": "Disability Status"
        }
      ]
    }
  ],
  "code": {
    "coding": [
      {
        "system": "http://loinc.org",
        "code": "94023-9",
        "display": "Depression severity"
      }
    ]
  },
  "subject": {
    "reference": "Patient/example"
  },
  "effectiveDateTime": "2022-11-27T19:22:02Z",
  "performer": [
    {
      "reference": "Practitioner/practitioner-1"
    }
  ],
  "valueCodeableConcept": {
    "coding": [
      {
        "system": "http://loinc.org",
        "code": "LA6751-7",
        "display": "Moderate"
      }
    ],
    "text": "Moderate"
  },
  "derivedFrom": [
    {
      "reference": "Observation/PHQ9-panel-example-44249-1"
    }
  ]
}