{
  "resourceType": "Observation",
  "id": "PRAPARE-multiselect-item-example-32624-9-answer0",
  "meta": {
    "profile": [
      "http://hl7.org/fhir/us/core/StructureDefinition/us-core-observation-screening-assessment"
    ]
  },
  "status": "final",
  "category": [
    {
      "coding": [
        {
          "system": "http://hl7.org/fhir/us/core/CodeSystem/us-core-category",
          "code": "sdoh",
          "display": "SDOH"
        }
      ]
    },
    {
      "coding": [
        {
          "system": "http://terminology.hl7.org/CodeSystem/observation-category",
          "code": "survey",
          "display": "Survey"
        }
      ]
    }
  ],
  "code": {
    "coding": [
      {
        "system": "http://loinc.org",
        "code": "32624-9",
        "display": "Race"
      }
    ],
    "text": "Race"
  },
  "subject": {
    "reference": "Patient/example"
  },
  "effectiveDateTime": "2022-03-28T18:30:40-07:00",
  "performer": [
    {
      "reference": "Patient/example"
    }
  ],
  "valueCodeableConcept": {
    "coding": [
      {
        "system": "http://loinc.org",
        "code": "LA4457-3",
        "display": "White"
      }
    ],
    "text": "White"
  },
  "derivedFrom": [
    {
      "reference": "QuestionnaireResponse/prapare-example"
    }
  ]
}