{
  "resourceType": "Observation",
  "id": "capillary-refill-time-nail-bed",
  "meta": {
    "profile": [
      "http://hl7.org/fhir/us/core/StructureDefinition/us-core-observation-clinical-result"
    ]
  },
  "status": "final",
  "category": [
    {
      "coding": [
        {
          "system": "http://terminology.hl7.org/CodeSystem/observation-category",
          "code": "exam",
          "display": "Exam"
        }
      ],
      "text": "Exam"
    }
  ],
  "code": {
    "coding": [
      {
        "system": "http://loinc.org",
        "code": "44963-7",
        "display": "Capillary refill Time Nail Bed"
      }
    ],
    "text": "Capillary refill Time Nail Bed"
  },
  "subject": {
    "reference": "Patient/example",
    "display": "Amy Shaw"
  },
  "encounter": {
    "display": "Cardiology Consult"
  },
  "effectiveDateTime": "2021-11-10T16:48:57.246958-08:00",
  "valueQuantity": {
    "value": 1,
    "unit": "s",
    "system": "http://unitsofmeasure.org",
    "code": "s"
  }
}