{
  "resourceType" : "Observation",
  "id" : "observation-occupation-industry-unknown",
  "meta" : {
    "profile" : ["http://hl7.org/fhir/us/core/StructureDefinition/us-core-observation-occupation"]
  },
  "text" : {
    "status" : "generated",
    "div" : "<div xmlns=\"http://www.w3.org/1999/xhtml\"><p><b>Generated Narrative: Observation</b><a name=\"observation-occupation-industry-unknown\"> </a></p><div style=\"display: inline-block; background-color: #d9e0e7; padding: 6px; margin: 4px; border: 1px solid #8da1b4; border-radius: 5px; line-height: 60%\"><p style=\"margin-bottom: 0px\">Resource Observation &quot;observation-occupation-industry-unknown&quot; </p><p style=\"margin-bottom: 0px\">Profile: <a href=\"StructureDefinition-us-core-observation-occupation.html\">US Core Observation Occupation Profile</a></p></div><p><b>status</b>: final</p><p><b>category</b>: Social History <span style=\"background: LightGoldenRodYellow; margin: 4px; border: 1px solid khaki\"> (<a href=\"http://terminology.hl7.org/5.0.0/CodeSystem-observation-category.html\">Observation Category Codes</a>#social-history)</span></p><p><b>code</b>: History of Occupation <span style=\"background: LightGoldenRodYellow; margin: 4px; border: 1px solid khaki\"> (<a href=\"https://loinc.org/\">LOINC</a>#11341-5)</span></p><p><b>subject</b>: <a href=\"Patient-example.html\">Patient/example</a> &quot; SHAW&quot;</p><p><b>effective</b>: 2022-04-10 --&gt; (ongoing)</p><p><b>value</b>: Certified Nursing Assistant (CNA) [Nursing Assistants] <span style=\"background: LightGoldenRodYellow; margin: 4px; border: 1px solid khaki\"> (<a href=\"http://terminology.hl7.org/5.0.0/CodeSystem-PHOccupationalDataForHealthODH.html\">Occupational Data for Health (ODH)</a>#31-1014.00.007136)</span></p></div>"
  },
  "status" : "final",
  "category" : [{
    "coding" : [{
      "system" : "http://terminology.hl7.org/CodeSystem/observation-category",
      "code" : "social-history"
    }]
  }],
  "code" : {
    "coding" : [{
      "system" : "http://loinc.org",
      "code" : "11341-5",
      "display" : "History of Occupation"
    }]
  },
  "subject" : {
    "reference" : "Patient/example"
  },
  "effectivePeriod" : {
    "start" : "2022-04-10"
  },
  "valueCodeableConcept" : {
    "coding" : [{
      "system" : "http://terminology.hl7.org/CodeSystem/PHOccupationalDataForHealthODH",
      "code" : "31-1014.00.007136",
      "display" : "Certified Nursing Assistant (CNA) [Nursing Assistants]"
    }]
  }
}