{
  "resourceType": "Observation",
  "id": "PHQ9-item-example-44253-3",
  "meta": {
    "profile": [
      "http://hl7.org/fhir/us/core/StructureDefinition/us-core-observation-screening-assessment"
    ]
  },
  "status": "final",
  "category": [
    {
      "coding": [
        {
          "system": "http://terminology.hl7.org/CodeSystem/observation-category",
          "code": "survey",
          "display": "Survey"
        }
      ]
    },
    {
      "coding": [
        {
          "system": "http://hl7.org/fhir/us/core/CodeSystem/us-core-category",
          "code": "disability-status",
          "display": "Disability Status"
        }
      ]
    }
  ],
  "code": {
    "coding": [
      {
        "system": "http://loinc.org",
        "code": "44253-3",
        "display": "Moving or speaking so slowly that other people could have noticed. Or the opposite-being so fidgety or restless that you have been moving around a lot more than usual"
      }
    ],
    "text": "Moving or speaking so slowly that other people could have noticed. Or the opposite-being so fidgety or restless that you have been moving around a lot more than usual"
  },
  "subject": {
    "reference": "Patient/example"
  },
  "effectiveDateTime": "2022-11-29T20:50:32.718000+00:00",
  "performer": [
    {
      "reference": "Practitioner/practitioner-1"
    }
  ],
  "valueCodeableConcept": {
    "coding": [
      {
        "system": "http://loinc.org",
        "code": "LA6568-5",
        "display": "Not at all"
      }
    ],
    "text": "Not at all"
  },
  "derivedFrom": [
    {
      "reference": "QuestionnaireResponse/phq-9-example"
    }
  ]
}