{
  "resourceType" : "Observation",
  "id" : "heart-rate-rhythm",
  "meta" : {
    "profile" : ["http://hl7.org/fhir/us/core/StructureDefinition/us-core-observation-clinical-result"]
  },
  "text" : {
    "status" : "generated",
    "div" : "<div xmlns=\"http://www.w3.org/1999/xhtml\"><p><b>Generated Narrative: Observation</b><a name=\"heart-rate-rhythm\"> </a></p><div style=\"display: inline-block; background-color: #d9e0e7; padding: 6px; margin: 4px; border: 1px solid #8da1b4; border-radius: 5px; line-height: 60%\"><p style=\"margin-bottom: 0px\">Resource Observation &quot;heart-rate-rhythm&quot; </p><p style=\"margin-bottom: 0px\">Profile: <a href=\"StructureDefinition-us-core-observation-clinical-result.html\">US Core Observation Clinical Result Profile</a></p></div><p><b>status</b>: final</p><p><b>category</b>: Exam <span style=\"background: LightGoldenRodYellow; margin: 4px; border: 1px solid khaki\"> (<a href=\"http://terminology.hl7.org/5.0.0/CodeSystem-observation-category.html\">Observation Category Codes</a>#exam)</span></p><p><b>code</b>: Heart rate rhythm <span style=\"background: LightGoldenRodYellow; margin: 4px; border: 1px solid khaki\"> (<a href=\"https://loinc.org/\">LOINC</a>#8884-9)</span></p><p><b>subject</b>: <a href=\"Patient-example.html\">Patient/example: Amy Shaw</a> &quot; SHAW&quot;</p><p><b>encounter</b>: <span>: Cardiology Consult</span></p><p><b>effective</b>: 2021-11-10 16:48:57-0800</p><p><b>value</b>: Regular (R)</p></div>"
  },
  "status" : "final",
  "category" : [{
    "coding" : [{
      "system" : "http://terminology.hl7.org/CodeSystem/observation-category",
      "code" : "exam",
      "display" : "Exam"
    }],
    "text" : "Exam"
  }],
  "code" : {
    "coding" : [{
      "system" : "http://loinc.org",
      "code" : "8884-9",
      "display" : "Heart rate rhythm"
    }],
    "text" : "Heart rate rhythm"
  },
  "subject" : {
    "reference" : "Patient/example",
    "display" : "Amy Shaw"
  },
  "encounter" : {
    "display" : "Cardiology Consult"
  },
  "effectiveDateTime" : "2021-11-10T16:48:57.246958-08:00",
  "valueString" : "Regular (R)"
}