{
  "resourceType": "Observation",
  "id": "10-minute-apgar-score-panel",
  "meta": {
    "profile": [
      "http://hl7.org/fhir/us/core/StructureDefinition/us-core-observation-screening-assessment"
    ]
  },
  "status": "final",
  "category": [
    {
      "coding": [
        {
          "system": "http://terminology.hl7.org/CodeSystem/observation-category",
          "code": "survey",
          "display": "Survey"
        }
      ],
      "text": "Survey"
    }
  ],
  "code": {
    "coding": [
      {
        "system": "http://loinc.org",
        "code": "9271-8",
        "display": "10 minute Apgar Score"
      },
      {
        "system": "http://snomed.info/sct",
        "version": "http://snomed.info/sct/731000124108",
        "code": "169922007",
        "display": "Apgar at 10 minutes"
      }
    ],
    "text": "10 minute Apgar Score"
  },
  "subject": {
    "reference": "Patient/infant-example"
  },
  "effectiveDateTime": "2016-05-18T22:33:22Z",
  "performer": [
    {
      "reference": "Practitioner/practitioner-1",
      "display": "Ronald Bone"
    }
  ],
  "hasMember": [
    {
      "reference": "Observation/10-minute-apgar-score"
    },
    {
      "reference": "Observation/10-minute-apgar-respiratory-effort"
    },
    {
      "reference": "Observation/10-minute-apgar-muscle-tone"
    },
    {
      "reference": "Observation/10-minute-apgar-reflex-irritability"
    },
    {
      "reference": "Observation/10-minute-apgar-color"
    },
    {
      "reference": "Observation/10-minute-apgar-heart-rate"
    }
  ]
}