{
  "resourceType": "Observation",
  "id": "dxa-femur-l-t-score-bmd",
  "meta": {
    "profile": [
      "http://hl7.org/fhir/us/core/StructureDefinition/us-core-observation-clinical-result"
    ]
  },
  "status": "final",
  "category": [
    {
      "coding": [
        {
          "system": "http://terminology.hl7.org/CodeSystem/observation-category",
          "code": "imaging",
          "display": "Imaging"
        }
      ],
      "text": "Imaging"
    }
  ],
  "code": {
    "coding": [
      {
        "system": "http://loinc.org",
        "code": "80948-3",
        "display": "DXA Femur-L T-score BMD"
      }
    ],
    "text": "DXA Femur-L T-score BMD"
  },
  "subject": {
    "reference": "Patient/example",
    "display": "Amy Shaw"
  },
  "encounter": {
    "display": "Bone Scan"
  },
  "effectiveDateTime": "2021-11-10T19:14:41.088720-08:00",
  "valueQuantity": {
    "value": -1.48,
    "unit": "T-Score",
    "system": "http://unitsofmeasure.org",
    "code": "{T-Score}"
  }
}