{
  "resourceType": "Observation",
  "id": "PHQ9-item-example-44261-6",
  "meta": {
    "profile": [
      "http://hl7.org/fhir/us/core/StructureDefinition/us-core-observation-screening-assessment"
    ]
  },
  "status": "final",
  "category": [
    {
      "coding": [
        {
          "system": "http://terminology.hl7.org/CodeSystem/observation-category",
          "code": "survey",
          "display": "Survey"
        }
      ]
    },
    {
      "coding": [
        {
          "system": "http://hl7.org/fhir/us/core/CodeSystem/us-core-category",
          "code": "disability-status",
          "display": "Disability Status"
        }
      ]
    }
  ],
  "code": {
    "coding": [
      {
        "system": "http://loinc.org",
        "code": "44261-6",
        "display": "Patient Health Questionnaire 9 item (PHQ-9) total score [Reported]"
      }
    ],
    "text": "Patient Health Questionnaire 9 item (PHQ-9) total score [Reported]"
  },
  "subject": {
    "reference": "Patient/example"
  },
  "effectiveDateTime": "2022-11-29T20:50:32.718000+00:00",
  "performer": [
    {
      "reference": "Practitioner/practitioner-1"
    }
  ],
  "valueString": "12",
  "derivedFrom": [
    {
      "reference": "QuestionnaireResponse/phq-9-example"
    }
  ]
}