{
  "resourceType": "Observation",
  "id": "pregnancy-status",
  "meta": {
    "profile": [
      "http://hl7.org/fhir/us/core/StructureDefinition/us-core-observation-pregnancystatus"
    ]
  },
  "status": "final",
  "category": [
    {
      "coding": [
        {
          "system": "http://terminology.hl7.org/CodeSystem/observation-category",
          "code": "social-history",
          "display": "Social History"
        }
      ],
      "text": "Social History"
    }
  ],
  "code": {
    "coding": [
      {
        "system": "http://loinc.org",
        "code": "82810-3",
        "display": "Pregnancy status"
      }
    ],
    "text": "Pregnancy Status"
  },
  "subject": {
    "reference": "Patient/example",
    "display": "Amy Shaw"
  },
  "effectiveDateTime": "2022-08-24T10:39:52Z",
  "valueCodeableConcept": {
    "coding": [
      {
        "system": "http://snomed.info/sct",
        "version": "http://snomed.info/sct/731000124108",
        "code": "77386006",
        "display": "Pregnant"
      }
    ],
    "text": "Pregnant"
  }
}