{
  "resourceType": "Observation",
  "id": "cbc-erythrocytes",
  "meta": {
    "profile": [
      "http://hl7.org/fhir/us/core/StructureDefinition/us-core-observation-lab"
    ]
  },
  "status": "final",
  "category": [
    {
      "coding": [
        {
          "system": "http://terminology.hl7.org/CodeSystem/observation-category",
          "code": "laboratory",
          "display": "Laboratory"
        }
      ],
      "text": "Laboratory"
    }
  ],
  "code": {
    "coding": [
      {
        "system": "http://loinc.org",
        "code": "789-8",
        "display": "Erythrocytes [#/volume] in Blood by Automated count"
      }
    ],
    "text": "Erythrocytes"
  },
  "subject": {
    "reference": "Patient/example",
    "display": "Amy Shaw"
  },
  "effectiveDateTime": "2005-07-05",
  "valueQuantity": {
    "value": 4.58,
    "unit": "10*6/uL",
    "system": "http://unitsofmeasure.org"
  },
  "referenceRange": [
    {
      "low": {
        "value": 4.1,
        "unit": "10*6/uL",
        "system": "http://unitsofmeasure.org",
        "code": "10*6/uL"
      },
      "high": {
        "value": 6.1,
        "unit": "10*6/uL",
        "system": "http://unitsofmeasure.org",
        "code": "10*6/uL"
      },
      "type": {
        "coding": [
          {
            "system": "http://terminology.hl7.org/CodeSystem/referencerange-meaning",
            "code": "normal",
            "display": "Normal Range"
          }
        ],
        "text": "Normal Range"
      }
    }
  ]
}