{
  "resourceType": "Observation",
  "id": "ekg-lead",
  "meta": {
    "profile": [
      "http://hl7.org/fhir/us/core/StructureDefinition/us-core-observation-clinical-result"
    ]
  },
  "status": "final",
  "category": [
    {
      "coding": [
        {
          "system": "http://terminology.hl7.org/CodeSystem/observation-category",
          "code": "procedure",
          "display": "Procedure"
        }
      ],
      "text": "Procedure"
    }
  ],
  "code": {
    "coding": [
      {
        "system": "http://loinc.org",
        "code": "44967-8",
        "display": "EKG lead"
      }
    ],
    "text": "EKG lead"
  },
  "subject": {
    "reference": "Patient/example",
    "display": "Amy Shaw"
  },
  "encounter": {
    "display": "Cardiology Consult"
  },
  "effectiveDateTime": "2021-11-10T16:48:57.246958-08:00",
  "valueString": "II"
}