{
  "resourceType": "Observation",
  "id": "length",
  "meta": {
    "profile": [
      "http://hl7.org/fhir/us/core/StructureDefinition/us-core-body-height"
    ]
  },
  "status": "final",
  "category": [
    {
      "coding": [
        {
          "system": "http://terminology.hl7.org/CodeSystem/observation-category",
          "code": "vital-signs",
          "display": "Vital Signs"
        }
      ],
      "text": "Vital Signs"
    }
  ],
  "code": {
    "coding": [
      {
        "system": "http://loinc.org",
        "code": "8306-3",
        "display": "Body height --lying"
      },
      {
        "system": "http://loinc.org",
        "code": "8302-2",
        "display": "Body height"
      }
    ],
    "text": "length"
  },
  "subject": {
    "reference": "Patient/example",
    "display": "Amy Shaw"
  },
  "encounter": {
    "display": "GP Visit"
  },
  "effectiveDateTime": "1999-07-02",
  "valueQuantity": {
    "value": 25,
    "unit": "cm",
    "system": "http://unitsofmeasure.org",
    "code": "cm"
  }
}