{
  "resourceType" : "Observation",
  "id" : "10-minute-apgar-color",
  "meta" : {
    "profile" : ["http://hl7.org/fhir/us/core/StructureDefinition/us-core-observation-screening-assessment"]
  },
  "text" : {
    "status" : "generated",
    "div" : "<div xmlns=\"http://www.w3.org/1999/xhtml\"><p><b>Generated Narrative: Observation</b><a name=\"10-minute-apgar-color\"> </a></p><div style=\"display: inline-block; background-color: #d9e0e7; padding: 6px; margin: 4px; border: 1px solid #8da1b4; border-radius: 5px; line-height: 60%\"><p style=\"margin-bottom: 0px\">Resource Observation &quot;10-minute-apgar-color&quot; </p><p style=\"margin-bottom: 0px\">Profile: <a href=\"StructureDefinition-us-core-observation-screening-assessment.html\">US Core Observation Screening Assessment Profile</a></p></div><p><b>status</b>: final</p><p><b>category</b>: Survey <span style=\"background: LightGoldenRodYellow; margin: 4px; border: 1px solid khaki\"> (<a href=\"http://terminology.hl7.org/5.0.0/CodeSystem-observation-category.html\">Observation Category Codes</a>#survey)</span></p><p><b>code</b>: Apgar color score <span style=\"background: LightGoldenRodYellow; margin: 4px; border: 1px solid khaki\"> (<a href=\"https://loinc.org/\">LOINC</a>#32401-2 &quot;10 minute Apgar Color&quot;)</span></p><p><b>subject</b>: <a href=\"Patient-infant-example.html\">Patient/infant-example</a> &quot; EXAMPLE&quot;</p><p><b>effective</b>: 2016-05-18 22:33:22+0000</p><p><b>performer</b>: <a href=\"Practitioner-practitioner-1.html\">Practitioner/practitioner-1: Ronald Bone</a> &quot; BONE&quot;</p><p><b>value</b>: 2. Good color all over <span style=\"background: LightGoldenRodYellow; margin: 4px; border: 1px solid khaki\"> (<a href=\"https://loinc.org/\">LOINC</a>#LA6724-4 &quot;Good color all over&quot;)</span></p></div>"
  },
  "status" : "final",
  "category" : [{
    "coding" : [{
      "system" : "http://terminology.hl7.org/CodeSystem/observation-category",
      "code" : "survey",
      "display" : "Survey"
    }],
    "text" : "Survey"
  }],
  "code" : {
    "coding" : [{
      "system" : "http://loinc.org",
      "code" : "32401-2",
      "display" : "10 minute Apgar Color"
    }],
    "text" : "Apgar color score"
  },
  "subject" : {
    "reference" : "Patient/infant-example"
  },
  "effectiveDateTime" : "2016-05-18T22:33:22+00:00",
  "performer" : [{
    "reference" : "Practitioner/practitioner-1",
    "display" : "Ronald Bone"
  }],
  "valueCodeableConcept" : {
    "coding" : [{
      "extension" : [{
        "url" : "http://hl7.org/fhir/StructureDefinition/ordinalValue",
        "valueDecimal" : 2
      }],
      "system" : "http://loinc.org",
      "code" : "LA6724-4",
      "display" : "Good color all over"
    }],
    "text" : "2. Good color all over"
  }
}