{
  "resourceType": "Organization",
  "id": "acme-payer",
  "meta": {
    "profile": [
      "http://hl7.org/fhir/us/core/StructureDefinition/us-core-organization"
    ]
  },
  "identifier": [
    {
      "system": "urn:oid:2.16.840.1.113883.6.300",
      "value": "55555"
    }
  ],
  "active": true,
  "type": [
    {
      "coding": [
        {
          "system": "http://terminology.hl7.org/CodeSystem/organization-type",
          "code": "pay"
        }
      ],
      "text": "Payer"
    }
  ],
  "name": "Acme Health Plan",
  "telecom": [
    {
      "system": "phone",
      "value": "(+1) 555-555-5555"
    },
    {
      "system": "email",
      "value": "hq@acme.org"
    }
  ],
  "address": [
    {
      "line": [
        "100 Insurance Avenue"
      ],
      "city": "Amherst",
      "state": "MA",
      "postalCode": "01002",
      "country": "USA"
    }
  ]
}