{
  "resourceType" : "Organization",
  "id" : "example-organization-2",
  "meta" : {
    "profile" : ["http://hl7.org/fhir/us/core/StructureDefinition/us-core-organization"]
  },
  "text" : {
    "status" : "generated",
    "div" : "<div xmlns=\"http://www.w3.org/1999/xhtml\"><p><b>Generated Narrative: Organization</b><a name=\"example-organization-2\"> </a></p><div style=\"display: inline-block; background-color: #d9e0e7; padding: 6px; margin: 4px; border: 1px solid #8da1b4; border-radius: 5px; line-height: 60%\"><p style=\"margin-bottom: 0px\">Resource Organization &quot;example-organization-2&quot; </p><p style=\"margin-bottom: 0px\">Profile: <a href=\"StructureDefinition-us-core-organization.html\">US Core Organization Profile</a></p></div><p><b>identifier</b>: id:\u00a01407071236, id:\u00a0121111111</p><p><b>active</b>: true</p><p><b>type</b>: Healthcare Provider <span style=\"background: LightGoldenRodYellow; margin: 4px; border: 1px solid khaki\"> (<a href=\"http://terminology.hl7.org/5.0.0/CodeSystem-organization-type.html\">Organization type</a>#prov)</span></p><p><b>name</b>: Acme Clinic</p><p><b>telecom</b>: ph: (+1) 734-677-7777, <a href=\"mailto:customer-service@acme-clinic.org\">customer-service@acme-clinic.org</a></p><p><b>address</b>: 3300 Washtenaw Avenue, Suite 227 Amherst MA 01002 USA </p></div>"
  },
  "identifier" : [{
    "system" : "http://hl7.org/fhir/sid/us-npi",
    "value" : "1407071236"
  },
  {
    "system" : "http://example.org/fhir/sid/us-tin",
    "value" : "121111111"
  }],
  "active" : true,
  "type" : [{
    "coding" : [{
      "system" : "http://terminology.hl7.org/CodeSystem/organization-type",
      "code" : "prov",
      "display" : "Healthcare Provider"
    }]
  }],
  "name" : "Acme Clinic",
  "telecom" : [{
    "system" : "phone",
    "value" : "(+1) 734-677-7777"
  },
  {
    "system" : "email",
    "value" : "customer-service@acme-clinic.org"
  }],
  "address" : [{
    "line" : ["3300 Washtenaw Avenue, Suite 227"],
    "city" : "Amherst",
    "state" : "MA",
    "postalCode" : "01002",
    "country" : "USA"
  }]
}