{
  "resourceType": "Organization",
  "id": "holy-healthcare",
  "meta": {
    "profile": [
      "http://hl7.org/fhir/us/core/StructureDefinition/us-core-organization"
    ]
  },
  "identifier": [
    {
      "system": "http://hl7.org/fhir/sid/us-npi",
      "value": "1234567893"
    }
  ],
  "active": true,
  "type": [
    {
      "coding": [
        {
          "system": "http://terminology.hl7.org/CodeSystem/organization-type",
          "code": "prov"
        }
      ],
      "text": "Provider"
    }
  ],
  "name": "Holy Healthcare",
  "telecom": [
    {
      "system": "phone",
      "value": "(+1) 555-555-5555"
    },
    {
      "system": "email",
      "value": "hq@holyhealthcare.org"
    }
  ],
  "address": [
    {
      "line": [
        "100 Managing Organization Avenue"
      ],
      "city": "Amherst",
      "state": "MA",
      "postalCode": "01002",
      "country": "USA"
    }
  ]
}