{
  "resourceType" : "Practitioner",
  "id" : "practitioner-2",
  "meta" : {
    "profile" : ["http://hl7.org/fhir/us/core/StructureDefinition/us-core-practitioner"]
  },
  "text" : {
    "status" : "generated",
    "div" : "<div xmlns=\"http://www.w3.org/1999/xhtml\"><p><b>Generated Narrative: Practitioner</b><a name=\"practitioner-2\"> </a></p><div style=\"display: inline-block; background-color: #d9e0e7; padding: 6px; margin: 4px; border: 1px solid #8da1b4; border-radius: 5px; line-height: 60%\"><p style=\"margin-bottom: 0px\">Resource Practitioner &quot;practitioner-2&quot; </p><p style=\"margin-bottom: 0px\">Profile: <a href=\"StructureDefinition-us-core-practitioner.html\">US Core Practitioner Profile</a></p></div><p><b>identifier</b>: id:\u00a01245319599, id:\u00a0456789</p><p><b>name</b>: Fielding Kathy </p><p><b>telecom</b>: <a href=\"mailto:Kathy.Fielding@direct.ExampleMedicalPractice.net\">Kathy.Fielding@direct.ExampleMedicalPractice.net</a></p><p><b>address</b>: 1080 FIRST COLONIAL RD Virginia Beach VA 21454-2406 (WORK)</p></div>"
  },
  "identifier" : [{
    "system" : "http://hl7.org/fhir/sid/us-npi",
    "value" : "1245319599"
  },
  {
    "system" : "http://www.acme.org/practitioners",
    "value" : "456789"
  }],
  "name" : [{
    "family" : "Kathy",
    "given" : ["Fielding"],
    "prefix" : ["Dr"]
  }],
  "telecom" : [{
    "extension" : [{
      "url" : "http://hl7.org/fhir/us/core/StructureDefinition/us-core-direct",
      "valueBoolean" : true
    }],
    "system" : "email",
    "value" : "Kathy.Fielding@direct.ExampleMedicalPractice.net",
    "use" : "work"
  }],
  "address" : [{
    "use" : "work",
    "line" : ["1080 FIRST COLONIAL RD"],
    "city" : "Virginia Beach",
    "state" : "VA",
    "postalCode" : "21454-2406"
  }]
}