{
  "resourceType": "PractitionerRole",
  "id": "practitioner-role-1",
  "meta": {
    "profile": ["http://hl7.org/fhir/us/core/StructureDefinition/us-core-practitionerrole"]
  },
  "active": true,
  "practitioner": {
    "reference": "Practitioner/practitioner-1",
    "display": "Ronald Bone"
  },
  "organization": {
    "reference": "Organization/acme-payer",
    "display": "Acme Health Plan"
  },
  "code": [{
    "coding": [{
      "system": "http://nucc.org/provider-taxonomy",
      "code": "208D00000X",
      "display": "General Practice"
    }]
  }],
  "specialty": [{
    "coding": [{
      "system": "http://nucc.org/provider-taxonomy", 
      "code": "208D00000X",
      "display": "General Practice"
    }]
  }],
  "telecom": [{
    "system": "phone",
    "value": "(555) 123-4567",
    "use": "work"
  }]
}