{
  "resourceType": "Practitioner",
  "id": "practitioner-pharmacist",
  "meta": {
    "profile": [
      "http://hl7.org/fhir/us/core/StructureDefinition/us-core-practitioner"
    ]
  },
  "identifier": [
    {
      "system": "http://hl7.org/fhir/sid/us-npi",
      "value": "3412549073"
    }
  ],
  "name": [
    {
      "family": "Douglas",
      "given": [
        "Dispenser"
      ],
      "prefix": [
        "PharmD"
      ]
    }
  ],
  "address": [
    {
      "use": "work",
      "line": [
        "1015 Healthcare Drive"
      ],
      "city": "Amherst",
      "state": "MA",
      "postalCode": "01002"
    }
  ]
}