{
  "resourceType": "Practitioner",
  "id": "practitioner-1",
  "meta": {
    "profile": [
      "http://hl7.org/fhir/us/core/StructureDefinition/us-core-practitioner"
    ]
  },
  "text": {
    "status": "generated",
    "div": "<div xmlns=\"http://www.w3.org/1999/xhtml\"><p><b>Generated Narrative: Practitioner</b><a name=\"practitioner-1\"> </a></p><div style=\"display: inline-block; background-color: #d9e0e7; padding: 6px; margin: 4px; border: 1px solid #8da1b4; border-radius: 5px; line-height: 60%\"><p style=\"margin-bottom: 0px\">Resource Practitioner &quot;practitioner-1&quot; </p><p style=\"margin-bottom: 0px\">Profile: <a href=\"StructureDefinition-us-core-practitioner.html\">US Core Practitioner Profile</a></p></div><p><b>identifier</b>: id: 9941339100, id: 25456</p><p><b>name</b>: Ronald Bone </p><p><b>address</b>: 1003 Healthcare Drive Amherst MA 01002 (WORK)</p></div>"
  },
  "active": true,
  "identifier": [
    {
      "system": "http://hl7.org/fhir/sid/us-npi",
      "value": "9941339100"
    },
    {
      "extension": [
        {
          "url": "http://hl7.org/fhir/us/core/StructureDefinition/us-core-jurisdiction",
          "valueCodeableConcept": {
            "coding": [
              {
                "system": "https://www.usps.com/",
                "code": "MA"
              }
            ],
            "text": "Massachusetts"
          }
        }
      ]
    }
  ],
  "name": [
    {
      "family": "Bone",
      "given": [
        "Ronald"
      ],
      "prefix": [
        "Dr"
      ]
    }
  ],
  "telecom": [
    {
      "system": "phone",
      "value": "555-555-0101",
      "use": "work"
    },
    {
      "system": "email",
      "value": "ronald.bone@example.org",
      "use": "work"
    }
  ],
  "address": [
    {
      "use": "work",
      "line": [
        "1003 Healthcare Drive"
      ],
      "city": "Amherst",
      "state": "MA",
      "postalCode": "01002",
      "country": "USA"
    }
  ],
  "gender" : "male"
}