{
  "resourceType" : "Practitioner",
  "id" : "practitioner-pharmacist",
  "meta" : {
    "profile" : ["http://hl7.org/fhir/us/core/StructureDefinition/us-core-practitioner"]
  },
  "text" : {
    "status" : "generated",
    "div" : "<div xmlns=\"http://www.w3.org/1999/xhtml\"><p><b>Generated Narrative: Practitioner</b><a name=\"practitioner-pharmacist\"> </a></p><div style=\"display: inline-block; background-color: #d9e0e7; padding: 6px; margin: 4px; border: 1px solid #8da1b4; border-radius: 5px; line-height: 60%\"><p style=\"margin-bottom: 0px\">Resource Practitioner &quot;practitioner-pharmacist&quot; </p><p style=\"margin-bottom: 0px\">Profile: <a href=\"StructureDefinition-us-core-practitioner.html\">US Core Practitioner Profile</a></p></div><p><b>identifier</b>: id:\u00a03412549073</p><p><b>name</b>: Dispenser Douglas </p><p><b>address</b>: 1015 Healthcare Drive Amherst MA 01002 (WORK)</p></div>"
  },
  "identifier" : [{
    "system" : "http://hl7.org/fhir/sid/us-npi",
    "value" : "3412549073"
  }],
  "name" : [{
    "family" : "Douglas",
    "given" : ["Dispenser"],
    "prefix" : ["PharmD"]
  }],
  "address" : [{
    "use" : "work",
    "line" : ["1015 Healthcare Drive"],
    "city" : "Amherst",
    "state" : "MA",
    "postalCode" : "01002"
  }]
}