{
  "resourceType": "Practitioner",
  "id": "practitioner-1",
  "meta": {
    "profile": [
      "http://hl7.org/fhir/us/core/StructureDefinition/us-core-practitioner"
    ]
  },
  "identifier": [
    {
      "system": "http://hl7.org/fhir/sid/us-npi",
      "value": "9941339100"
    },
    {
      "extension": [
        {
          "url": "http://hl7.org/fhir/us/core/StructureDefinition/us-core-jurisdiction",
          "valueCodeableConcept": {
            "coding": [
              {
                "system": "https://www.usps.com/",
                "code": "MA"
              }
            ],
            "text": "Massachusetts"
          }
        }
      ],
      "system": "http://www.acme.org/practitioners",
      "value": "25456"
    }
  ],
  "name": [
    {
      "family": "Bone",
      "given": [
        "Ronald"
      ],
      "prefix": [
        "Dr"
      ]
    }
  ],
  "address": [
    {
      "use": "work",
      "line": [
        "1003 Healthcare Drive"
      ],
      "city": "Amherst",
      "state": "MA",
      "postalCode": "01002"
    }
  ]
}