{
  "resourceType": "Procedure",
  "id": "defib-implant",
  "meta": {
    "profile": [
      "http://hl7.org/fhir/us/core/StructureDefinition/us-core-procedure"
    ]
  },
  "identifier": [
    {
      "system": "urn:ietf:rfc:3986",
      "value": "urn:uuid:b2a737f2-2fdb-49c1-b097-dac173d07aff"
    }
  ],
  "basedOn": [
    {
      "reference": "ServiceRequest/defib-implant"
    }
  ],
  "status": "completed",
  "code": {
    "coding": [
      {
        "system": "http://www.ama-assn.org/go/cpt",
        "code": "33249"
      }
    ],
    "text": "Insertion or replacement of permanent implantable defibrillator system with transvenous lead(s), single or dual chamber"
  },
  "subject": {
    "reference": "Patient/example"
  },
  "performedPeriod": {
    "start": "2019-03-26T12:55:26-07:00",
    "end": "2019-03-26T13:25:26-07:00"
  },
  "performer": [
    {
      "actor": {
        "reference": "Practitioner/practitioner-1"
      }
    }
  ],
  "focalDevice": [
    {
      "manipulated": {
        "reference": "Device/udi-2"
      }
    }
  ]
}