{
  "resourceType": "Procedure",
  "id": "rehab",
  "meta": {
    "profile": [
      "http://hl7.org/fhir/us/core/StructureDefinition/us-core-procedure"
    ]
  },
  "basedOn": [
    {
      "reference": "ServiceRequest/rehab"
    }
  ],
  "status": "completed",
  "code": {
    "coding": [
      {
        "system": "http://snomed.info/sct",
        "version": "http://snomed.info/sct/731000124108",
        "code": "24165007",
        "display": "Alcoholism counseling"
      },
      {
        "system": "http://www.cms.gov/Medicare/Coding/ICD10",
        "code": "HZ30ZZZ",
        "display": "Individual Counseling for Substance Abuse Treatment, Cognitive"
      }
    ],
    "text": "Alcohol rehabilitation"
  },
  "subject": {
    "reference": "Patient/example",
    "display": "Amy Shaw"
  },
  "performedDateTime": "2002-05-23"
}