{
  "resourceType": "Questionnaire",
  "id": "ms-demo",
  "meta" : {
    "profile" : ["http://hl7.org/fhir/uv/sdc/StructureDefinition/sdc-questionnaire"]
  },
  "url" : "http://hl7.org/fhir/us/core/Questionnaire/ms-demo",
  "version" : "6.1.0",
  "name" : "ms-demo",
  "title" : "ms-demo",
  "status" : "active",
  "experimental" : true,
  "subjectType" : ["Patient"],
  "date" : "2023-03-31",
  "publisher" : "HL7 International - Cross-Group Projects",
  "contact" : [{
    "name" : "HL7 International - Cross-Group Projects",
    "telecom" : [{
      "system" : "url",
      "value" : "http://www.hl7.org/Special/committees/cgp"
    },
    {
      "system" : "email",
      "value" : "cgp@lists.HL7.org"
    }]
  }],
  "jurisdiction" : [{
    "coding" : [{
      "system" : "urn:iso:std:iso:3166",
      "code" : "US"
    }]
  }],
  "item": [
    {
      "linkId": "/demo",
      "text": "MS demo",
      "type": "group",
      "item": [
        {
          "linkId": "/demo/free-text",
          "text": "Additional comments",
          "type": "string"
        },
        {
          "linkId": "/demo/status",
          "text": "Housing status",
          "type": "choice",
          "answerOption": [
            { "valueCoding": { "system": "http://loinc.org", "code": "LA30189-7", "display": "I have housing" } },
            { "valueCoding": { "system": "http://loinc.org", "code": "LA30190-5", "display": "I do not have housing" } }
          ],
          "item": [
            {
              "linkId": "/demo/status-detail",
              "text": "Describe living arrangement",
              "type": "string"
            }
          ]
        }
      ]
    }
  ]
}
