{
  "resourceType": "Questionnaire",
  "id": "hunger-vital-sign-example",
  "meta": {
    "profile": [
      "http://hl7.org/fhir/uv/sdc/StructureDefinition/sdc-questionnaire"
    ]
  },
  "url": "http://hl7.org/fhir/us/core/Questionnaire/hunger-vital-sign-example",
  "version": "6.1.0",
  "name": "HungerVitalSignExample",
  "title": "Hunger Vital Sign Example",
  "status": "active",
  "experimental": true,
  "subjectType": [
    "Patient"
  ],
  "date": "2023-03-31",
  "publisher": "HL7 International - Cross-Group Projects",
  "contact": [
    {
      "name": "HL7 International - Cross-Group Projects",
      "telecom": [
        {
          "system": "url",
          "value": "http://www.hl7.org/Special/committees/cgp"
        },
        {
          "system": "email",
          "value": "cgp@lists.HL7.org"
        }
      ]
    }
  ],
  "jurisdiction": [
    {
      "coding": [
        {
          "system": "urn:iso:std:iso:3166",
          "code": "US"
        }
      ]
    }
  ],
  "copyright": "Used by permission of HL7 International, all rights reserved Creative Commons License",
  "code": [
    {
      "system": "http://loinc.org",
      "code": "88121-9",
      "display": "Hunger Vital Sign [HVS]"
    }
  ],
  "item": [
    {
      "linkId": "/88122-7",
      "code": [
        {
          "system": "http://loinc.org",
          "code": "88122-7",
          "display": "(I/We) worried whether (my/our) food would run out before (I/we) got money to buy more."
        }
      ],
      "text": "(I/We) worried whether (my/our) food would run out before (I/we) got money to buy more.",
      "type": "choice",
      "required": false,
      "answerOption": [
        {
          "valueCoding": {
            "system": "http://loinc.org",
            "code": "LA28397-0",
            "display": "Often true"
          }
        },
        {
          "valueCoding": {
            "system": "http://loinc.org",
            "code": "LA6729-3",
            "display": "Sometimes true"
          }
        },
        {
          "valueCoding": {
            "system": "http://loinc.org",
            "code": "LA28398-8",
            "display": "Never true"
          }
        },
        {
          "valueCoding": {
            "system": "http://loinc.org",
            "code": "LA15775-2",
            "display": "Don't know/refused"
          }
        }
      ]
    },
    {
      "linkId": "/88123-5",
      "code": [
        {
          "system": "http://loinc.org",
          "code": "88123-5",
          "display": "The food that (I/we) bought just didn't last, and (I/we) didn't have money to get more."
        }
      ],
      "text": "The food that (I/we) bought just didn't last, and (I/we) didn't have money to get more.",
      "type": "choice",
      "required": false,
      "answerOption": [
        {
          "valueCoding": {
            "system": "http://loinc.org",
            "code": "LA28397-0",
            "display": "Often true"
          }
        },
        {
          "valueCoding": {
            "system": "http://loinc.org",
            "code": "LA6729-3",
            "display": "Sometimes true"
          }
        },
        {
          "valueCoding": {
            "system": "http://loinc.org",
            "code": "LA28398-8",
            "display": "Never true"
          }
        },
        {
          "valueCoding": {
            "system": "http://loinc.org",
            "code": "LA15775-2",
            "display": "Don't know/refused"
          }
        }
      ]
    },
    {
      "linkId": "/88124-3",
      "code": [
        {
          "system": "http://loinc.org",
          "code": "88124-3",
          "display": "Food insecurity risk [HVS]"
        }
      ],
      "text": "Food insecurity risk",
      "type": "choice",
      "required": false,
      "answerOption": [
        {
          "valueCoding": {
            "system": "http://loinc.org",
            "code": "LA19952-3",
            "display": "At risk"
          }
        },
        {
          "valueCoding": {
            "system": "http://loinc.org",
            "code": "LA19983-8",
            "display": "No risk"
          }
        }
      ],
      "item": [
        {
          "linkId": "/88124-3-help",
          "text": "An answer of \"often true\" or \"sometimes true\" to either or both of the Hunger Vital Sign\u2122 questions identifies a patient as at risk for food insecurity (FI).",
          "type": "display"
        }
      ]
    }
  ]
}