{
  "resourceType": "ServiceRequest",
  "id": "defib-implant",
  "meta": {
    "profile": [
      "http://hl7.org/fhir/us/core/StructureDefinition/us-core-servicerequest"
    ]
  },
  "status": "completed",
  "intent": "order",
  "code": {
    "coding": [
      {
        "system": "http://snomed.info/sct",
        "version": "http://snomed.info/sct/731000124108",
        "code": "233169004",
        "display": "Automatic defibrillator procedure (procedure)"
      }
    ]
  },
  "subject": {
    "reference": "Patient/example"
  },
  "authoredOn": "2015-03-30",
  "requester": {
    "reference": "Practitioner/practitioner-2"
  },
  "performer": [
    {
      "reference": "Practitioner/practitioner-1"
    }
  ],
  "reasonCode": [
    {
      "coding": [
        {
          "system": "http://snomed.info/sct",
          "version": "http://snomed.info/sct/731000124108",
          "code": "71908006",
          "display": "Ventricular fibrillation (disorder)"
        }
      ],
      "text": "Bradycardia"
    }
  ]
}