{
  "resourceType" : "ServiceRequest",
  "id" : "rehab",
  "meta" : {
    "profile" : ["http://hl7.org/fhir/us/core/StructureDefinition/us-core-servicerequest"]
  },
  "text" : {
    "status" : "generated",
    "div" : "<div xmlns=\"http://www.w3.org/1999/xhtml\"><p><b>Generated Narrative: ServiceRequest</b><a name=\"rehab\"> </a></p><div style=\"display: inline-block; background-color: #d9e0e7; padding: 6px; margin: 4px; border: 1px solid #8da1b4; border-radius: 5px; line-height: 60%\"><p style=\"margin-bottom: 0px\">Resource ServiceRequest &quot;rehab&quot; </p><p style=\"margin-bottom: 0px\">Profile: <a href=\"StructureDefinition-us-core-servicerequest.html\">US Core ServiceRequest Profile</a></p></div><p><b>status</b>: active</p><p><b>intent</b>: order</p><p><b>category</b>: Social Determinants Of Health <span style=\"background: LightGoldenRodYellow; margin: 4px; border: 1px solid khaki\"> (<a href=\"CodeSystem-us-core-category.html\">US Core Category</a>#sdoh &quot;SDOH&quot;)</span></p><p><b>code</b>: Alcohol rehabilitation <span style=\"background: LightGoldenRodYellow; margin: 4px; border: 1px solid khaki\"> (<a href=\"https://browser.ihtsdotools.org/\">SNOMED CT[US]</a>#24165007 &quot;Alcoholism counseling&quot;; <a href=\"http://terminology.hl7.org/5.0.0/CodeSystem-icd10PCS.html\">ICD-10 Procedure Codes</a>#HZ30ZZZ &quot;Individual Counseling for Substance Abuse Treatment, Cognitive&quot;)</span></p><p><b>subject</b>: <a href=\"Patient-example.html\">Patient/example</a> &quot; SHAW&quot;</p><p><b>occurrence</b>: 2021-11-20</p><p><b>authoredOn</b>: 2021-11-12 10:59:38-0800</p><p><b>requester</b>: <a href=\"Practitioner-practitioner-1.html\">Practitioner/practitioner-1</a> &quot; BONE&quot;</p><p><b>reasonReference</b>: <a href=\"Observation-AHC-HRSN-item-example-68517-2.html\">Observation/AHC-HRSN-item-example-68517-2: Alcohol use disorder (disorder)</a></p></div>"
  },
  "status" : "active",
  "intent" : "order",
  "category" : [{
    "coding" : [{
      "system" : "http://hl7.org/fhir/us/core/CodeSystem/us-core-category",
      "code" : "sdoh",
      "display" : "SDOH"
    }],
    "text" : "Social Determinants Of Health"
  }],
  "code" : {
    "coding" : [{
      "system" : "http://snomed.info/sct",
      "version" : "http://snomed.info/sct/731000124108",
      "code" : "24165007",
      "display" : "Alcoholism counseling"
    },
    {
      "system" : "http://www.cms.gov/Medicare/Coding/ICD10",
      "code" : "HZ30ZZZ",
      "display" : "Individual Counseling for Substance Abuse Treatment, Cognitive"
    }],
    "text" : "Alcohol rehabilitation"
  },
  "subject" : {
    "reference" : "Patient/example"
  },
  "occurrenceDateTime" : "2021-11-20",
  "authoredOn" : "2021-11-12T10:59:38-08:00",
  "requester" : {
    "reference" : "Practitioner/practitioner-1"
  },
  "reasonReference" : [{
    "reference" : "Observation/AHC-HRSN-item-example-68517-2",
    "display" : "Alcohol use disorder (disorder)"
  }]
}