{
  "resourceType" : "ServiceRequest",
  "id" : "defib-implant",
  "meta" : {
    "profile" : ["http://hl7.org/fhir/us/core/StructureDefinition/us-core-servicerequest"]
  },
  "text" : {
    "status" : "generated",
    "div" : "<div xmlns=\"http://www.w3.org/1999/xhtml\"><p><b>Generated Narrative: ServiceRequest</b><a name=\"defib-implant\"> </a></p><div style=\"display: inline-block; background-color: #d9e0e7; padding: 6px; margin: 4px; border: 1px solid #8da1b4; border-radius: 5px; line-height: 60%\"><p style=\"margin-bottom: 0px\">Resource ServiceRequest &quot;defib-implant&quot; </p><p style=\"margin-bottom: 0px\">Profile: <a href=\"StructureDefinition-us-core-servicerequest.html\">US Core ServiceRequest Profile</a></p></div><p><b>status</b>: completed</p><p><b>intent</b>: order</p><p><b>code</b>: Automatic defibrillator procedure (procedure) <span style=\"background: LightGoldenRodYellow; margin: 4px; border: 1px solid khaki\"> (<a href=\"https://browser.ihtsdotools.org/\">SNOMED CT[US]</a>#233169004)</span></p><p><b>subject</b>: <a href=\"Patient-example.html\">Patient/example</a> &quot; SHAW&quot;</p><p><b>authoredOn</b>: 2015-03-30</p><p><b>requester</b>: <a href=\"Practitioner-practitioner-2.html\">Practitioner/practitioner-2</a> &quot; KATHY&quot;</p><p><b>performer</b>: <a href=\"Practitioner-practitioner-1.html\">Practitioner/practitioner-1</a> &quot; BONE&quot;</p><p><b>reasonCode</b>: Bradycardia <span style=\"background: LightGoldenRodYellow; margin: 4px; border: 1px solid khaki\"> (<a href=\"https://browser.ihtsdotools.org/\">SNOMED CT[US]</a>#71908006 &quot;Ventricular fibrillation (disorder)&quot;)</span></p></div>"
  },
  "status" : "completed",
  "intent" : "order",
  "code" : {
    "coding" : [{
      "system" : "http://snomed.info/sct",
      "version" : "http://snomed.info/sct/731000124108",
      "code" : "233169004",
      "display" : "Automatic defibrillator procedure (procedure)"
    }]
  },
  "subject" : {
    "reference" : "Patient/example"
  },
  "authoredOn" : "2015-03-30",
  "requester" : {
    "reference" : "Practitioner/practitioner-2"
  },
  "performer" : [{
    "reference" : "Practitioner/practitioner-1"
  }],
  "occurrencePeriod" : {
    "start": "2019-03-26T12:55:26-07:00",
    "end": "2019-03-26T13:25:26-07:00"
  },
  "reasonCode" : [{
    "coding" : [{
      "system" : "http://snomed.info/sct",
      "version" : "http://snomed.info/sct/731000124108",
      "code" : "71908006",
      "display" : "Ventricular fibrillation (disorder)"
    }],
    "text" : "Bradycardia"
  }]
}