{
  "resourceType": "Specimen",
  "id": "specimen-example-serum",
  "meta": {
    "profile": [
      "http://hl7.org/fhir/us/core/StructureDefinition/us-core-specimen"
    ]
  },
  "accessionIdentifier": {
    "system": "http://acme.com/labs/accession-ids",
    "value": "20220927-00124"
  },
  "type": {
    "coding": [
      {
        "system": "http://snomed.info/sct",
        "version": "http://snomed.info/sct/731000124108",
        "code": "119364003",
        "display": "Serum sample"
      },
      {
        "system": "http://terminology.hl7.org/CodeSystem/v2-0487",
        "code": "SER",
        "display": "Serum"
      }
    ]
  },
  "subject": {
    "reference": "Patient/example"
  },
  "collection": {
    "collectedDateTime": "2022-09-27T18:07:12Z"
  },
  "container": [
    {
      "type": {
        "text": "Serum Separator Tube"
      }
    }
  ]
}