{
  "resourceType" : "Specimen",
  "id" : "specimen-example-serum",
  "meta" : {
    "profile" : ["http://hl7.org/fhir/us/core/StructureDefinition/us-core-specimen"]
  },
  "text" : {
    "status" : "generated",
    "div" : "<div xmlns=\"http://www.w3.org/1999/xhtml\"><p><b>Generated Narrative: Specimen</b><a name=\"specimen-example-serum\"> </a></p><div style=\"display: inline-block; background-color: #d9e0e7; padding: 6px; margin: 4px; border: 1px solid #8da1b4; border-radius: 5px; line-height: 60%\"><p style=\"margin-bottom: 0px\">Resource Specimen &quot;specimen-example-serum&quot; </p><p style=\"margin-bottom: 0px\">Profile: <a href=\"StructureDefinition-us-core-specimen.html\">US Core Specimen Profile</a></p></div><p><b>accessionIdentifier</b>: id:\u00a020220927-00124</p><p><b>type</b>: Serum sample <span style=\"background: LightGoldenRodYellow; margin: 4px; border: 1px solid khaki\"> (<a href=\"https://browser.ihtsdotools.org/\">SNOMED CT[US]</a>#119364003; <a href=\"http://terminology.hl7.org/5.0.0/CodeSystem-v2-0487.html\">specimenType</a>#SER &quot;Serum&quot;)</span></p><p><b>subject</b>: <a href=\"Patient-example.html\">Patient/example</a> &quot; SHAW&quot;</p><h3>Collections</h3><table class=\"grid\"><tr><td>-</td><td><b>Collected[x]</b></td></tr><tr><td>*</td><td>2022-09-27 18:07:12+0000</td></tr></table><h3>Containers</h3><table class=\"grid\"><tr><td>-</td><td><b>Type</b></td></tr><tr><td>*</td><td>Serum Separator Tube <span style=\"background: LightGoldenRodYellow; margin: 4px; border: 1px solid khaki\"> ()</span></td></tr></table></div>"
  },
"accessionIdentifier": {
  "system": "http://hospital.smarthealth.org/lab-accession-ids",
  "value": "20220927-00124"
},
  "type" : {
    "coding" : [{
      "system" : "http://snomed.info/sct",
      "version" : "http://snomed.info/sct/731000124108",
      "code" : "119364003",
      "display" : "Serum sample"
    },
    {
      "system" : "http://terminology.hl7.org/CodeSystem/v2-0487",
      "code" : "SER",
      "display" : "Serum"
    }]
  },
  "subject" : {
    "reference" : "Patient/example"
  },
  "collection" : {
    "collectedDateTime" : "2022-09-27T18:07:12Z"
  },
  "container" : [{
    "type" : {
      "text" : "Serum Separator Tube"
    }
  }]
}